-- 5. скрипты наполнения БД данными;

INSERT INTO genres (name) VALUES ('Боевики'),('Детективы'),('Документальные'),('Драмы'),('Исторические'),('Комедии'),
('Мелодрамы'),('Мультфильмы'),('Приключения'),('Семейные'),('Спорт'),('Триллеры'),('Ужасы'),('Фантастика'),('Юмор');

INSERT INTO mark_types (name) VALUES ('пропущен'),('смотрел'),('хочу посмотреть');

#
# TABLE STRUCTURE FOR: users
#

INSERT INTO `users` (`id`, `first_name`, `last_name`, `email`, `created_at`, `updated_at`) VALUES (1, 'Summer', 'Luettgen', 'tmoen@example.org', '2013-02-23 08:25:36', '2020-09-14 22:58:45');
INSERT INTO `users` (`id`, `first_name`, `last_name`, `email`, `created_at`, `updated_at`) VALUES (2, 'Chet', 'Welch', 'jaylin90@example.com', '2019-04-08 07:31:28', '2015-07-18 00:30:11');
INSERT INTO `users` (`id`, `first_name`, `last_name`, `email`, `created_at`, `updated_at`) VALUES (3, 'Bernadette', 'Wilderman', 'xschimmel@example.com', '2020-04-14 03:51:47', '2020-08-03 01:58:25');
INSERT INTO `users` (`id`, `first_name`, `last_name`, `email`, `created_at`, `updated_at`) VALUES (4, 'Madisyn', 'Pouros', 'nicolas.alisa@example.com', '2017-03-25 10:49:50', '2016-11-21 13:03:30');
INSERT INTO `users` (`id`, `first_name`, `last_name`, `email`, `created_at`, `updated_at`) VALUES (5, 'Zella', 'Jones', 'nayeli95@example.net', '2012-07-15 20:18:17', '2018-10-04 15:38:36');
INSERT INTO `users` (`id`, `first_name`, `last_name`, `email`, `created_at`, `updated_at`) VALUES (6, 'Alysha', 'Zieme', 'feil.pattie@example.net', '2014-12-26 13:08:26', '2021-02-23 01:13:28');
INSERT INTO `users` (`id`, `first_name`, `last_name`, `email`, `created_at`, `updated_at`) VALUES (7, 'Amina', 'Hammes', 'rogahn.gilda@example.org', '2012-08-24 11:44:17', '2020-06-27 04:46:15');
INSERT INTO `users` (`id`, `first_name`, `last_name`, `email`, `created_at`, `updated_at`) VALUES (8, 'Idella', 'Kling', 'boris.koss@example.net', '2012-02-15 08:01:43', '2012-12-21 19:42:35');
INSERT INTO `users` (`id`, `first_name`, `last_name`, `email`, `created_at`, `updated_at`) VALUES (9, 'Halle', 'Glover', 'genoveva.hand@example.com', '2011-09-04 13:30:27', '2016-05-11 00:06:23');
INSERT INTO `users` (`id`, `first_name`, `last_name`, `email`, `created_at`, `updated_at`) VALUES (10, 'Tyshawn', 'Weissnat', 'uwolf@example.com', '2014-07-28 10:30:49', '2013-03-18 15:38:52');
INSERT INTO `users` (`id`, `first_name`, `last_name`, `email`, `created_at`, `updated_at`) VALUES (11, 'Sigmund', 'Kulas', 'justen.mckenzie@example.net', '2013-05-12 02:56:14', '2014-06-19 15:14:23');
INSERT INTO `users` (`id`, `first_name`, `last_name`, `email`, `created_at`, `updated_at`) VALUES (12, 'Keenan', 'Reichert', 'o\'hara.aubree@example.org', '2019-03-10 11:46:11', '2020-07-30 06:14:38');
INSERT INTO `users` (`id`, `first_name`, `last_name`, `email`, `created_at`, `updated_at`) VALUES (13, 'Stefanie', 'Kertzmann', 'bogisich.magnus@example.org', '2012-04-08 20:08:56', '2013-12-16 14:37:14');
INSERT INTO `users` (`id`, `first_name`, `last_name`, `email`, `created_at`, `updated_at`) VALUES (14, 'Barbara', 'Von', 'edythe60@example.org', '2013-07-31 11:15:33', '2016-07-08 01:36:09');
INSERT INTO `users` (`id`, `first_name`, `last_name`, `email`, `created_at`, `updated_at`) VALUES (15, 'Salvador', 'Yost', 'general30@example.net', '2016-09-20 04:28:33', '2019-03-31 00:29:35');
INSERT INTO `users` (`id`, `first_name`, `last_name`, `email`, `created_at`, `updated_at`) VALUES (16, 'Allison', 'Murray', 'marie19@example.com', '2012-02-03 10:32:09', '2012-03-01 14:06:27');
INSERT INTO `users` (`id`, `first_name`, `last_name`, `email`, `created_at`, `updated_at`) VALUES (17, 'Camden', 'Goodwin', 'hlang@example.com', '2021-06-12 07:16:02', '2020-09-10 11:37:28');
INSERT INTO `users` (`id`, `first_name`, `last_name`, `email`, `created_at`, `updated_at`) VALUES (18, 'Domenico', 'Zulauf', 'giovani48@example.com', '2012-08-03 20:39:08', '2013-01-11 21:13:39');
INSERT INTO `users` (`id`, `first_name`, `last_name`, `email`, `created_at`, `updated_at`) VALUES (19, 'Adell', 'Schmeler', 'kane20@example.org', '2017-09-07 04:55:01', '2014-05-02 22:45:53');
INSERT INTO `users` (`id`, `first_name`, `last_name`, `email`, `created_at`, `updated_at`) VALUES (20, 'Madaline', 'Blick', 'asha.ullrich@example.org', '2018-11-09 17:48:26', '2017-05-15 22:14:06');
INSERT INTO `users` (`id`, `first_name`, `last_name`, `email`, `created_at`, `updated_at`) VALUES (21, 'Hipolito', 'Purdy', 'esteban.kuhn@example.org', '2021-04-08 01:00:18', '2021-01-06 07:42:25');
INSERT INTO `users` (`id`, `first_name`, `last_name`, `email`, `created_at`, `updated_at`) VALUES (22, 'Meghan', 'Emard', 'florine09@example.com', '2013-08-22 02:02:42', '2019-05-02 17:24:04');
INSERT INTO `users` (`id`, `first_name`, `last_name`, `email`, `created_at`, `updated_at`) VALUES (23, 'Howard', 'Daniel', 'ines.sipes@example.com', '2017-05-12 06:02:14', '2016-08-09 03:07:51');
INSERT INTO `users` (`id`, `first_name`, `last_name`, `email`, `created_at`, `updated_at`) VALUES (24, 'Darwin', 'Schiller', 'pwaters@example.com', '2016-11-02 04:21:34', '2016-07-11 22:59:41');
INSERT INTO `users` (`id`, `first_name`, `last_name`, `email`, `created_at`, `updated_at`) VALUES (25, 'Kaleigh', 'Koepp', 'gwendolyn.satterfield@example.net', '2015-03-22 20:42:59', '2013-05-03 09:28:23');
INSERT INTO `users` (`id`, `first_name`, `last_name`, `email`, `created_at`, `updated_at`) VALUES (26, 'Ward', 'Nader', 'cmurray@example.net', '2017-11-19 03:34:37', '2019-02-07 06:10:28');
INSERT INTO `users` (`id`, `first_name`, `last_name`, `email`, `created_at`, `updated_at`) VALUES (27, 'Lori', 'Stiedemann', 'hamill.selena@example.net', '2014-08-03 04:11:33', '2021-02-06 09:39:17');
INSERT INTO `users` (`id`, `first_name`, `last_name`, `email`, `created_at`, `updated_at`) VALUES (28, 'Yoshiko', 'Tromp', 'xkuhn@example.com', '2014-02-15 14:07:25', '2011-10-07 16:37:59');
INSERT INTO `users` (`id`, `first_name`, `last_name`, `email`, `created_at`, `updated_at`) VALUES (29, 'Colin', 'Murazik', 'pschimmel@example.net', '2021-02-16 21:57:55', '2016-01-27 04:01:33');
INSERT INTO `users` (`id`, `first_name`, `last_name`, `email`, `created_at`, `updated_at`) VALUES (30, 'Jamison', 'Jacobson', 'graciela.crist@example.com', '2014-05-30 18:28:32', '2020-06-21 12:42:11');
INSERT INTO `users` (`id`, `first_name`, `last_name`, `email`, `created_at`, `updated_at`) VALUES (31, 'Zackery', 'Schmidt', 'dustin.lang@example.net', '2020-11-07 07:08:43', '2015-10-27 15:51:22');
INSERT INTO `users` (`id`, `first_name`, `last_name`, `email`, `created_at`, `updated_at`) VALUES (32, 'Elmo', 'Conroy', 'erik15@example.com', '2012-03-30 09:56:58', '2017-05-22 01:49:44');
INSERT INTO `users` (`id`, `first_name`, `last_name`, `email`, `created_at`, `updated_at`) VALUES (33, 'Brandy', 'Krajcik', 'jaleel.jakubowski@example.net', '2021-05-18 17:42:23', '2020-05-22 07:09:50');
INSERT INTO `users` (`id`, `first_name`, `last_name`, `email`, `created_at`, `updated_at`) VALUES (34, 'Enrico', 'Stiedemann', 'olindgren@example.com', '2016-01-04 02:27:10', '2019-02-25 21:51:10');
INSERT INTO `users` (`id`, `first_name`, `last_name`, `email`, `created_at`, `updated_at`) VALUES (35, 'Loy', 'Hoppe', 'ejaskolski@example.org', '2014-04-28 17:44:33', '2015-05-28 17:37:00');
INSERT INTO `users` (`id`, `first_name`, `last_name`, `email`, `created_at`, `updated_at`) VALUES (36, 'Bradley', 'Hayes', 'ecummings@example.com', '2016-04-15 05:33:37', '2016-07-29 00:35:06');
INSERT INTO `users` (`id`, `first_name`, `last_name`, `email`, `created_at`, `updated_at`) VALUES (37, 'Madelynn', 'Cassin', 'karley.adams@example.net', '2020-07-15 11:09:10', '2015-09-06 21:43:11');
INSERT INTO `users` (`id`, `first_name`, `last_name`, `email`, `created_at`, `updated_at`) VALUES (38, 'Elijah', 'Grady', 'qyundt@example.org', '2015-05-21 14:04:25', '2018-09-07 04:42:14');
INSERT INTO `users` (`id`, `first_name`, `last_name`, `email`, `created_at`, `updated_at`) VALUES (39, 'Candace', 'Prohaska', 'eklein@example.com', '2019-09-20 09:28:20', '2014-03-17 10:20:22');
INSERT INTO `users` (`id`, `first_name`, `last_name`, `email`, `created_at`, `updated_at`) VALUES (40, 'Vida', 'Frami', 'rryan@example.net', '2020-03-04 20:46:28', '2013-06-04 16:56:32');
INSERT INTO `users` (`id`, `first_name`, `last_name`, `email`, `created_at`, `updated_at`) VALUES (41, 'Vicky', 'Glover', 'fisher.marcelino@example.org', '2013-10-04 07:34:30', '2021-05-07 13:56:16');
INSERT INTO `users` (`id`, `first_name`, `last_name`, `email`, `created_at`, `updated_at`) VALUES (42, 'Melvina', 'Muller', 'katherine83@example.net', '2013-10-05 20:59:02', '2014-05-11 04:26:56');
INSERT INTO `users` (`id`, `first_name`, `last_name`, `email`, `created_at`, `updated_at`) VALUES (43, 'Kris', 'Yost', 'hamill.ivah@example.org', '2013-07-18 22:45:07', '2014-01-03 00:19:18');
INSERT INTO `users` (`id`, `first_name`, `last_name`, `email`, `created_at`, `updated_at`) VALUES (44, 'Mario', 'Sipes', 'herzog.andrew@example.com', '2012-01-03 16:04:58', '2014-08-22 17:31:04');
INSERT INTO `users` (`id`, `first_name`, `last_name`, `email`, `created_at`, `updated_at`) VALUES (45, 'Ara', 'Raynor', 'camden61@example.org', '2018-12-07 04:57:36', '2016-02-26 19:20:01');
INSERT INTO `users` (`id`, `first_name`, `last_name`, `email`, `created_at`, `updated_at`) VALUES (46, 'Gunnar', 'Hilll', 'thompson.eulalia@example.com', '2017-04-14 08:17:25', '2014-03-19 06:17:19');
INSERT INTO `users` (`id`, `first_name`, `last_name`, `email`, `created_at`, `updated_at`) VALUES (47, 'Bertha', 'Kris', 'weimann.jesus@example.net', '2016-05-11 12:27:24', '2014-12-03 14:41:08');
INSERT INTO `users` (`id`, `first_name`, `last_name`, `email`, `created_at`, `updated_at`) VALUES (48, 'Vito', 'Hermann', 'christ39@example.net', '2016-11-15 00:01:52', '2021-04-04 19:57:04');
INSERT INTO `users` (`id`, `first_name`, `last_name`, `email`, `created_at`, `updated_at`) VALUES (49, 'Francesca', 'Lakin', 'tkunde@example.com', '2013-05-25 02:21:33', '2012-03-02 06:21:51');
INSERT INTO `users` (`id`, `first_name`, `last_name`, `email`, `created_at`, `updated_at`) VALUES (50, 'Myah', 'Fritsch', 'keanu87@example.com', '2012-02-28 08:45:55', '2018-11-27 13:49:13');
INSERT INTO `users` (`id`, `first_name`, `last_name`, `email`, `created_at`, `updated_at`) VALUES (51, 'Enos', 'Larkin', 'qbaumbach@example.net', '2021-01-04 18:58:06', '2012-12-28 02:29:35');
INSERT INTO `users` (`id`, `first_name`, `last_name`, `email`, `created_at`, `updated_at`) VALUES (52, 'Paula', 'Senger', 'dee44@example.com', '2019-09-29 09:40:01', '2011-09-03 17:38:35');
INSERT INTO `users` (`id`, `first_name`, `last_name`, `email`, `created_at`, `updated_at`) VALUES (53, 'Lexus', 'Jacobi', 'bauch.americo@example.com', '2016-02-15 02:24:42', '2013-07-31 00:19:31');
INSERT INTO `users` (`id`, `first_name`, `last_name`, `email`, `created_at`, `updated_at`) VALUES (54, 'Norris', 'Moore', 'kianna.morar@example.net', '2015-01-07 01:08:36', '2020-04-20 18:50:55');
INSERT INTO `users` (`id`, `first_name`, `last_name`, `email`, `created_at`, `updated_at`) VALUES (55, 'Nadia', 'Blanda', 'kuhlman.anna@example.org', '2015-09-02 15:24:44', '2016-03-07 23:54:22');
INSERT INTO `users` (`id`, `first_name`, `last_name`, `email`, `created_at`, `updated_at`) VALUES (56, 'Lemuel', 'Bashirian', 'welch.jarrod@example.org', '2012-06-16 00:42:14', '2020-11-21 15:10:07');
INSERT INTO `users` (`id`, `first_name`, `last_name`, `email`, `created_at`, `updated_at`) VALUES (57, 'Magali', 'Sawayn', 'burdette.kutch@example.net', '2012-05-22 19:02:17', '2020-06-27 10:52:17');
INSERT INTO `users` (`id`, `first_name`, `last_name`, `email`, `created_at`, `updated_at`) VALUES (58, 'Ladarius', 'Beatty', 'hirthe.dandre@example.net', '2016-07-08 04:28:06', '2019-02-27 15:42:50');
INSERT INTO `users` (`id`, `first_name`, `last_name`, `email`, `created_at`, `updated_at`) VALUES (59, 'Bart', 'Thiel', 'oscar.lehner@example.net', '2017-12-18 15:58:27', '2018-07-03 21:42:52');
INSERT INTO `users` (`id`, `first_name`, `last_name`, `email`, `created_at`, `updated_at`) VALUES (60, 'Donato', 'Kutch', 'jast.letitia@example.org', '2018-12-05 22:37:18', '2012-09-18 17:19:19');
INSERT INTO `users` (`id`, `first_name`, `last_name`, `email`, `created_at`, `updated_at`) VALUES (61, 'Linnie', 'Reichert', 'windler.veronica@example.com', '2016-05-05 02:31:37', '2020-08-31 21:09:30');
INSERT INTO `users` (`id`, `first_name`, `last_name`, `email`, `created_at`, `updated_at`) VALUES (62, 'Reanna', 'Reichel', 'magdalena.stokes@example.com', '2013-12-21 11:29:50', '2018-05-06 03:37:26');
INSERT INTO `users` (`id`, `first_name`, `last_name`, `email`, `created_at`, `updated_at`) VALUES (63, 'Filiberto', 'Kunde', 'pzieme@example.com', '2012-11-25 02:06:29', '2014-01-15 12:31:09');
INSERT INTO `users` (`id`, `first_name`, `last_name`, `email`, `created_at`, `updated_at`) VALUES (64, 'Davon', 'Beer', 'west.garrick@example.org', '2013-09-05 09:41:13', '2016-06-24 19:04:23');
INSERT INTO `users` (`id`, `first_name`, `last_name`, `email`, `created_at`, `updated_at`) VALUES (65, 'Darwin', 'Boyer', 'rodger.hirthe@example.org', '2020-12-27 19:56:54', '2021-02-14 06:52:29');
INSERT INTO `users` (`id`, `first_name`, `last_name`, `email`, `created_at`, `updated_at`) VALUES (66, 'Alvera', 'D\'Amore', 'perry.huel@example.org', '2014-01-06 06:44:30', '2018-08-15 15:57:55');
INSERT INTO `users` (`id`, `first_name`, `last_name`, `email`, `created_at`, `updated_at`) VALUES (67, 'Ruben', 'Fisher', 'nicholaus.roberts@example.org', '2014-05-14 03:29:48', '2018-01-14 12:33:23');
INSERT INTO `users` (`id`, `first_name`, `last_name`, `email`, `created_at`, `updated_at`) VALUES (68, 'Lynn', 'Bartell', 'kaitlin46@example.com', '2019-05-01 18:12:46', '2015-12-27 12:09:01');
INSERT INTO `users` (`id`, `first_name`, `last_name`, `email`, `created_at`, `updated_at`) VALUES (69, 'Turner', 'Kertzmann', 'elena32@example.com', '2019-07-05 21:23:01', '2014-11-06 23:59:19');
INSERT INTO `users` (`id`, `first_name`, `last_name`, `email`, `created_at`, `updated_at`) VALUES (70, 'Petra', 'Prohaska', 'hermiston.wilmer@example.net', '2018-07-30 02:00:25', '2019-01-23 00:01:55');
INSERT INTO `users` (`id`, `first_name`, `last_name`, `email`, `created_at`, `updated_at`) VALUES (71, 'Jazlyn', 'Haag', 'dominic18@example.com', '2019-01-16 06:21:29', '2018-04-14 20:51:08');
INSERT INTO `users` (`id`, `first_name`, `last_name`, `email`, `created_at`, `updated_at`) VALUES (72, 'Kristin', 'Ratke', 'irving93@example.com', '2016-01-05 02:03:03', '2020-12-11 21:17:40');
INSERT INTO `users` (`id`, `first_name`, `last_name`, `email`, `created_at`, `updated_at`) VALUES (73, 'Chanelle', 'Funk', 'ransom.greenfelder@example.com', '2016-08-19 04:41:33', '2012-06-08 18:00:37');
INSERT INTO `users` (`id`, `first_name`, `last_name`, `email`, `created_at`, `updated_at`) VALUES (74, 'Hazel', 'Gislason', 'connelly.lamar@example.com', '2017-12-06 07:36:32', '2020-05-22 11:58:01');
INSERT INTO `users` (`id`, `first_name`, `last_name`, `email`, `created_at`, `updated_at`) VALUES (75, 'Jazmyne', 'Robel', 'claudia98@example.com', '2021-02-22 20:36:18', '2016-02-28 01:05:19');
INSERT INTO `users` (`id`, `first_name`, `last_name`, `email`, `created_at`, `updated_at`) VALUES (76, 'Rickey', 'Thompson', 'bettye.labadie@example.net', '2020-10-22 08:36:19', '2014-10-28 02:20:21');
INSERT INTO `users` (`id`, `first_name`, `last_name`, `email`, `created_at`, `updated_at`) VALUES (77, 'Marianna', 'Goldner', 'goyette.koby@example.org', '2016-12-21 16:00:56', '2021-05-23 06:02:28');
INSERT INTO `users` (`id`, `first_name`, `last_name`, `email`, `created_at`, `updated_at`) VALUES (78, 'Demond', 'Daugherty', 'velma73@example.com', '2018-04-18 07:32:06', '2014-06-05 13:26:41');
INSERT INTO `users` (`id`, `first_name`, `last_name`, `email`, `created_at`, `updated_at`) VALUES (79, 'Josue', 'Kessler', 'annabel46@example.com', '2012-05-19 05:05:13', '2012-06-03 17:37:59');
INSERT INTO `users` (`id`, `first_name`, `last_name`, `email`, `created_at`, `updated_at`) VALUES (80, 'Jacynthe', 'Bode', 'ischaefer@example.net', '2021-01-05 15:23:20', '2019-01-23 14:25:27');
INSERT INTO `users` (`id`, `first_name`, `last_name`, `email`, `created_at`, `updated_at`) VALUES (81, 'Janet', 'Stark', 'uschaden@example.org', '2013-09-29 07:25:11', '2012-11-16 22:34:15');
INSERT INTO `users` (`id`, `first_name`, `last_name`, `email`, `created_at`, `updated_at`) VALUES (82, 'Nathanial', 'Wilderman', 'amya.reinger@example.com', '2017-01-17 07:45:39', '2013-10-03 16:14:49');
INSERT INTO `users` (`id`, `first_name`, `last_name`, `email`, `created_at`, `updated_at`) VALUES (83, 'Maurine', 'Schaden', 'sauer.alek@example.org', '2015-06-22 21:12:12', '2019-01-01 16:07:22');
INSERT INTO `users` (`id`, `first_name`, `last_name`, `email`, `created_at`, `updated_at`) VALUES (84, 'Bill', 'Glover', 'wgreenfelder@example.org', '2020-04-02 03:35:45', '2013-06-17 11:42:02');
INSERT INTO `users` (`id`, `first_name`, `last_name`, `email`, `created_at`, `updated_at`) VALUES (85, 'Solon', 'Haley', 'tyrese75@example.com', '2017-08-08 06:11:17', '2017-02-14 16:16:52');
INSERT INTO `users` (`id`, `first_name`, `last_name`, `email`, `created_at`, `updated_at`) VALUES (86, 'Tad', 'McDermott', 'casandra.schroeder@example.com', '2021-06-08 18:34:14', '2017-02-23 14:04:38');
INSERT INTO `users` (`id`, `first_name`, `last_name`, `email`, `created_at`, `updated_at`) VALUES (87, 'Marietta', 'Stracke', 'hilma.rosenbaum@example.net', '2015-08-31 15:26:50', '2019-01-30 16:21:16');
INSERT INTO `users` (`id`, `first_name`, `last_name`, `email`, `created_at`, `updated_at`) VALUES (88, 'Marques', 'Denesik', 'annalise.dooley@example.org', '2016-02-21 10:41:59', '2017-08-22 05:02:24');
INSERT INTO `users` (`id`, `first_name`, `last_name`, `email`, `created_at`, `updated_at`) VALUES (89, 'Kitty', 'Schaden', 'dimitri.moen@example.net', '2020-06-29 20:17:02', '2015-04-28 00:30:41');
INSERT INTO `users` (`id`, `first_name`, `last_name`, `email`, `created_at`, `updated_at`) VALUES (90, 'Treva', 'Wisoky', 'lolita.zemlak@example.com', '2013-11-14 00:32:48', '2015-09-01 22:04:08');
INSERT INTO `users` (`id`, `first_name`, `last_name`, `email`, `created_at`, `updated_at`) VALUES (91, 'Alexanne', 'Bahringer', 'schowalter.mariela@example.net', '2015-11-11 19:45:20', '2015-05-14 13:40:19');
INSERT INTO `users` (`id`, `first_name`, `last_name`, `email`, `created_at`, `updated_at`) VALUES (92, 'Meredith', 'Kiehn', 'gschultz@example.com', '2018-03-19 17:38:50', '2015-09-08 00:33:56');
INSERT INTO `users` (`id`, `first_name`, `last_name`, `email`, `created_at`, `updated_at`) VALUES (93, 'Brenna', 'Schimmel', 'kaitlin.emard@example.org', '2017-08-07 13:06:03', '2019-07-25 11:20:47');
INSERT INTO `users` (`id`, `first_name`, `last_name`, `email`, `created_at`, `updated_at`) VALUES (94, 'Mortimer', 'Heller', 'hyatt.celine@example.org', '2013-09-25 11:54:40', '2012-06-29 02:57:05');
INSERT INTO `users` (`id`, `first_name`, `last_name`, `email`, `created_at`, `updated_at`) VALUES (95, 'Lelah', 'Brekke', 'xmaggio@example.org', '2012-08-19 00:19:22', '2014-11-15 10:52:50');
INSERT INTO `users` (`id`, `first_name`, `last_name`, `email`, `created_at`, `updated_at`) VALUES (96, 'Brendan', 'Skiles', 'elena.fahey@example.net', '2014-05-03 21:35:56', '2015-03-30 21:27:31');
INSERT INTO `users` (`id`, `first_name`, `last_name`, `email`, `created_at`, `updated_at`) VALUES (97, 'Leopoldo', 'Jakubowski', 'eli.o\'keefe@example.com', '2012-11-14 20:29:52', '2013-07-16 17:03:15');
INSERT INTO `users` (`id`, `first_name`, `last_name`, `email`, `created_at`, `updated_at`) VALUES (98, 'Simeon', 'Schamberger', 'imante@example.net', '2019-06-02 13:57:24', '2014-09-28 04:44:37');
INSERT INTO `users` (`id`, `first_name`, `last_name`, `email`, `created_at`, `updated_at`) VALUES (99, 'Trycia', 'Schneider', 'verda58@example.com', '2017-08-07 17:55:00', '2015-02-27 13:40:38');
INSERT INTO `users` (`id`, `first_name`, `last_name`, `email`, `created_at`, `updated_at`) VALUES (100, 'Yoshiko', 'Watsica', 'fblick@example.org', '2019-04-07 11:44:50', '2016-08-08 07:13:34');

#
# TABLE STRUCTURE FOR: profiles
#

INSERT INTO `profiles` (`user_id`, `gender`, `birthday`, `photo_id`, `created_at`, `updated_at`) VALUES (1, 'f', '2013-09-01', 944, '2012-12-04 12:09:05', '2019-09-19 11:20:42');
INSERT INTO `profiles` (`user_id`, `gender`, `birthday`, `photo_id`, `created_at`, `updated_at`) VALUES (2, 'm', '1985-03-25', 981, '2018-11-27 17:51:29', '2015-06-13 09:10:28');
INSERT INTO `profiles` (`user_id`, `gender`, `birthday`, `photo_id`, `created_at`, `updated_at`) VALUES (3, 'm', '1971-02-28', 250, '2021-03-02 09:25:29', '2015-05-06 07:09:04');
INSERT INTO `profiles` (`user_id`, `gender`, `birthday`, `photo_id`, `created_at`, `updated_at`) VALUES (4, 'f', '1977-06-06', 295, '2019-08-08 20:28:16', '2016-11-05 07:32:12');
INSERT INTO `profiles` (`user_id`, `gender`, `birthday`, `photo_id`, `created_at`, `updated_at`) VALUES (5, 'm', '1983-10-24', 433, '2017-05-03 06:32:10', '2016-05-09 20:58:22');
INSERT INTO `profiles` (`user_id`, `gender`, `birthday`, `photo_id`, `created_at`, `updated_at`) VALUES (6, 'f', '1979-05-25', 983, '2015-05-20 14:56:40', '2014-06-20 05:16:45');
INSERT INTO `profiles` (`user_id`, `gender`, `birthday`, `photo_id`, `created_at`, `updated_at`) VALUES (7, 'm', '1970-08-08', 303, '2018-08-19 16:25:08', '2020-01-09 19:35:44');
INSERT INTO `profiles` (`user_id`, `gender`, `birthday`, `photo_id`, `created_at`, `updated_at`) VALUES (8, 'm', '1997-02-16', 527, '2019-01-14 06:20:56', '2020-05-09 14:42:25');
INSERT INTO `profiles` (`user_id`, `gender`, `birthday`, `photo_id`, `created_at`, `updated_at`) VALUES (9, 'f', '2021-01-07', 168, '2017-03-29 19:43:17', '2020-10-14 19:35:55');
INSERT INTO `profiles` (`user_id`, `gender`, `birthday`, `photo_id`, `created_at`, `updated_at`) VALUES (10, 'm', '1985-07-25', 960, '2013-02-01 18:50:14', '2020-02-23 00:50:18');
INSERT INTO `profiles` (`user_id`, `gender`, `birthday`, `photo_id`, `created_at`, `updated_at`) VALUES (11, 'm', '2013-12-28', 371, '2020-02-05 07:17:12', '2014-03-09 13:14:01');
INSERT INTO `profiles` (`user_id`, `gender`, `birthday`, `photo_id`, `created_at`, `updated_at`) VALUES (12, 'm', '1999-12-06', 164, '2012-09-30 19:05:20', '2013-12-26 05:01:22');
INSERT INTO `profiles` (`user_id`, `gender`, `birthday`, `photo_id`, `created_at`, `updated_at`) VALUES (13, 'f', '1979-10-18', 724, '2020-07-01 13:57:36', '2015-01-04 10:10:40');
INSERT INTO `profiles` (`user_id`, `gender`, `birthday`, `photo_id`, `created_at`, `updated_at`) VALUES (14, 'f', '1980-12-30', 380, '2015-04-21 04:42:21', '2016-10-25 09:02:26');
INSERT INTO `profiles` (`user_id`, `gender`, `birthday`, `photo_id`, `created_at`, `updated_at`) VALUES (15, 'm', '1987-06-13', 112, '2016-06-13 11:43:12', '2012-08-09 02:18:54');
INSERT INTO `profiles` (`user_id`, `gender`, `birthday`, `photo_id`, `created_at`, `updated_at`) VALUES (16, 'f', '1971-12-17', 482, '2018-09-19 19:04:12', '2013-10-29 08:23:18');
INSERT INTO `profiles` (`user_id`, `gender`, `birthday`, `photo_id`, `created_at`, `updated_at`) VALUES (17, 'f', '1994-12-23', 658, '2013-10-07 00:29:16', '2018-12-05 19:08:25');
INSERT INTO `profiles` (`user_id`, `gender`, `birthday`, `photo_id`, `created_at`, `updated_at`) VALUES (18, 'm', '1984-12-04', 671, '2018-02-18 18:34:34', '2017-11-28 23:44:24');
INSERT INTO `profiles` (`user_id`, `gender`, `birthday`, `photo_id`, `created_at`, `updated_at`) VALUES (19, 'f', '2010-03-17', 96, '2011-10-17 14:27:10', '2013-07-15 17:23:40');
INSERT INTO `profiles` (`user_id`, `gender`, `birthday`, `photo_id`, `created_at`, `updated_at`) VALUES (20, 'f', '1988-05-10', 265, '2018-12-18 12:36:55', '2015-09-07 09:42:02');
INSERT INTO `profiles` (`user_id`, `gender`, `birthday`, `photo_id`, `created_at`, `updated_at`) VALUES (21, 'm', '2017-11-11', 858, '2016-10-31 12:36:28', '2015-01-26 19:04:35');
INSERT INTO `profiles` (`user_id`, `gender`, `birthday`, `photo_id`, `created_at`, `updated_at`) VALUES (22, 'f', '2015-09-13', 778, '2015-05-20 12:59:27', '2018-11-27 03:37:32');
INSERT INTO `profiles` (`user_id`, `gender`, `birthday`, `photo_id`, `created_at`, `updated_at`) VALUES (23, 'f', '2005-11-07', 797, '2019-06-28 11:39:47', '2011-11-12 16:35:58');
INSERT INTO `profiles` (`user_id`, `gender`, `birthday`, `photo_id`, `created_at`, `updated_at`) VALUES (24, 'm', '1981-05-02', 86, '2016-04-18 17:50:15', '2015-09-13 01:28:26');
INSERT INTO `profiles` (`user_id`, `gender`, `birthday`, `photo_id`, `created_at`, `updated_at`) VALUES (25, 'm', '1999-08-14', 254, '2018-04-14 17:26:27', '2014-10-03 02:45:03');
INSERT INTO `profiles` (`user_id`, `gender`, `birthday`, `photo_id`, `created_at`, `updated_at`) VALUES (26, 'm', '2002-03-24', 600, '2016-08-24 05:32:03', '2013-07-23 23:23:16');
INSERT INTO `profiles` (`user_id`, `gender`, `birthday`, `photo_id`, `created_at`, `updated_at`) VALUES (27, 'm', '2006-08-22', 97, '2019-04-10 21:01:50', '2018-11-20 06:26:52');
INSERT INTO `profiles` (`user_id`, `gender`, `birthday`, `photo_id`, `created_at`, `updated_at`) VALUES (28, 'f', '1978-11-02', 703, '2017-07-12 10:39:40', '2016-11-24 00:15:08');
INSERT INTO `profiles` (`user_id`, `gender`, `birthday`, `photo_id`, `created_at`, `updated_at`) VALUES (29, 'm', '1973-01-29', 918, '2019-03-21 16:00:15', '2021-06-25 10:35:15');
INSERT INTO `profiles` (`user_id`, `gender`, `birthday`, `photo_id`, `created_at`, `updated_at`) VALUES (30, 'm', '1988-02-23', 734, '2016-11-27 17:49:13', '2020-02-25 11:44:22');
INSERT INTO `profiles` (`user_id`, `gender`, `birthday`, `photo_id`, `created_at`, `updated_at`) VALUES (31, 'f', '2010-01-28', 585, '2015-03-29 05:15:38', '2020-10-06 15:23:08');
INSERT INTO `profiles` (`user_id`, `gender`, `birthday`, `photo_id`, `created_at`, `updated_at`) VALUES (32, 'm', '1985-06-25', 42, '2020-07-17 12:43:28', '2013-04-28 10:53:48');
INSERT INTO `profiles` (`user_id`, `gender`, `birthday`, `photo_id`, `created_at`, `updated_at`) VALUES (33, 'm', '2016-06-22', 157, '2015-01-18 08:52:01', '2013-07-23 21:51:01');
INSERT INTO `profiles` (`user_id`, `gender`, `birthday`, `photo_id`, `created_at`, `updated_at`) VALUES (34, 'f', '1979-08-01', 277, '2012-05-19 01:16:22', '2016-08-09 12:51:17');
INSERT INTO `profiles` (`user_id`, `gender`, `birthday`, `photo_id`, `created_at`, `updated_at`) VALUES (35, 'm', '2006-05-28', 313, '2016-08-15 11:18:08', '2019-12-29 13:54:00');
INSERT INTO `profiles` (`user_id`, `gender`, `birthday`, `photo_id`, `created_at`, `updated_at`) VALUES (36, 'f', '2018-01-27', 60, '2013-10-16 11:26:42', '2019-12-22 18:08:58');
INSERT INTO `profiles` (`user_id`, `gender`, `birthday`, `photo_id`, `created_at`, `updated_at`) VALUES (37, 'm', '2004-08-14', 342, '2011-10-08 02:39:34', '2018-04-03 02:21:15');
INSERT INTO `profiles` (`user_id`, `gender`, `birthday`, `photo_id`, `created_at`, `updated_at`) VALUES (38, 'm', '2008-05-10', 158, '2013-11-18 18:17:08', '2016-03-16 06:53:08');
INSERT INTO `profiles` (`user_id`, `gender`, `birthday`, `photo_id`, `created_at`, `updated_at`) VALUES (39, 'f', '2020-02-07', 889, '2013-12-21 07:33:42', '2018-04-04 03:59:38');
INSERT INTO `profiles` (`user_id`, `gender`, `birthday`, `photo_id`, `created_at`, `updated_at`) VALUES (40, 'm', '1986-06-25', 337, '2014-06-18 19:53:53', '2020-04-28 02:26:01');
INSERT INTO `profiles` (`user_id`, `gender`, `birthday`, `photo_id`, `created_at`, `updated_at`) VALUES (41, 'f', '1995-08-12', 617, '2015-08-11 10:54:57', '2015-08-27 01:25:04');
INSERT INTO `profiles` (`user_id`, `gender`, `birthday`, `photo_id`, `created_at`, `updated_at`) VALUES (42, 'm', '1991-06-15', 716, '2021-03-25 19:14:10', '2021-05-17 16:55:59');
INSERT INTO `profiles` (`user_id`, `gender`, `birthday`, `photo_id`, `created_at`, `updated_at`) VALUES (43, 'm', '1989-01-26', 741, '2014-03-30 15:41:09', '2018-12-27 08:52:54');
INSERT INTO `profiles` (`user_id`, `gender`, `birthday`, `photo_id`, `created_at`, `updated_at`) VALUES (44, 'f', '1987-04-10', 775, '2016-08-04 02:16:58', '2016-06-25 05:43:22');
INSERT INTO `profiles` (`user_id`, `gender`, `birthday`, `photo_id`, `created_at`, `updated_at`) VALUES (45, 'f', '2002-03-17', 280, '2020-03-21 11:00:09', '2020-02-22 01:30:25');
INSERT INTO `profiles` (`user_id`, `gender`, `birthday`, `photo_id`, `created_at`, `updated_at`) VALUES (46, 'f', '2011-08-01', 431, '2021-07-05 15:30:14', '2019-03-01 12:42:18');
INSERT INTO `profiles` (`user_id`, `gender`, `birthday`, `photo_id`, `created_at`, `updated_at`) VALUES (47, 'm', '2001-04-15', 574, '2016-04-07 21:31:11', '2012-09-17 17:47:06');
INSERT INTO `profiles` (`user_id`, `gender`, `birthday`, `photo_id`, `created_at`, `updated_at`) VALUES (48, 'f', '1986-04-26', 567, '2012-09-29 08:16:08', '2012-11-09 13:05:01');
INSERT INTO `profiles` (`user_id`, `gender`, `birthday`, `photo_id`, `created_at`, `updated_at`) VALUES (49, 'f', '2009-06-06', 69, '2021-05-12 13:16:06', '2019-05-09 01:15:51');
INSERT INTO `profiles` (`user_id`, `gender`, `birthday`, `photo_id`, `created_at`, `updated_at`) VALUES (50, 'm', '1987-04-15', 949, '2019-09-10 22:48:52', '2013-08-18 04:03:23');
INSERT INTO `profiles` (`user_id`, `gender`, `birthday`, `photo_id`, `created_at`, `updated_at`) VALUES (51, 'm', '1975-02-25', 713, '2012-05-14 01:52:33', '2017-07-08 22:27:23');
INSERT INTO `profiles` (`user_id`, `gender`, `birthday`, `photo_id`, `created_at`, `updated_at`) VALUES (52, 'm', '2001-10-14', 14, '2011-07-24 17:54:02', '2015-06-22 21:03:43');
INSERT INTO `profiles` (`user_id`, `gender`, `birthday`, `photo_id`, `created_at`, `updated_at`) VALUES (53, 'f', '1990-06-07', 550, '2018-11-21 13:31:26', '2020-08-07 13:15:09');
INSERT INTO `profiles` (`user_id`, `gender`, `birthday`, `photo_id`, `created_at`, `updated_at`) VALUES (54, 'm', '2012-12-28', 135, '2013-07-19 02:05:56', '2013-11-28 13:05:40');
INSERT INTO `profiles` (`user_id`, `gender`, `birthday`, `photo_id`, `created_at`, `updated_at`) VALUES (55, 'm', '1976-09-10', 321, '2016-12-26 16:27:56', '2017-09-30 06:03:39');
INSERT INTO `profiles` (`user_id`, `gender`, `birthday`, `photo_id`, `created_at`, `updated_at`) VALUES (56, 'f', '2006-01-22', 632, '2018-09-27 20:01:22', '2019-11-11 04:28:40');
INSERT INTO `profiles` (`user_id`, `gender`, `birthday`, `photo_id`, `created_at`, `updated_at`) VALUES (57, 'f', '2005-08-23', 263, '2015-04-16 10:57:43', '2021-02-03 22:37:59');
INSERT INTO `profiles` (`user_id`, `gender`, `birthday`, `photo_id`, `created_at`, `updated_at`) VALUES (58, 'm', '1996-12-10', 601, '2019-02-10 20:50:29', '2015-09-25 23:53:03');
INSERT INTO `profiles` (`user_id`, `gender`, `birthday`, `photo_id`, `created_at`, `updated_at`) VALUES (59, 'f', '1990-05-13', 10, '2011-07-22 01:34:09', '2011-12-17 04:06:14');
INSERT INTO `profiles` (`user_id`, `gender`, `birthday`, `photo_id`, `created_at`, `updated_at`) VALUES (60, 'f', '2009-08-17', 939, '2016-10-12 18:47:58', '2015-09-28 08:46:22');
INSERT INTO `profiles` (`user_id`, `gender`, `birthday`, `photo_id`, `created_at`, `updated_at`) VALUES (61, 'f', '2008-08-08', 253, '2015-12-14 18:22:12', '2014-02-24 06:27:19');
INSERT INTO `profiles` (`user_id`, `gender`, `birthday`, `photo_id`, `created_at`, `updated_at`) VALUES (62, 'm', '1989-07-05', 31, '2013-11-03 22:36:02', '2020-12-19 08:41:29');
INSERT INTO `profiles` (`user_id`, `gender`, `birthday`, `photo_id`, `created_at`, `updated_at`) VALUES (63, 'm', '1972-06-03', 189, '2016-09-01 10:32:18', '2018-02-07 01:37:01');
INSERT INTO `profiles` (`user_id`, `gender`, `birthday`, `photo_id`, `created_at`, `updated_at`) VALUES (64, 'f', '1996-06-22', 318, '2017-04-22 02:13:54', '2018-03-14 07:42:53');
INSERT INTO `profiles` (`user_id`, `gender`, `birthday`, `photo_id`, `created_at`, `updated_at`) VALUES (65, 'f', '2019-01-14', 906, '2019-11-16 03:35:16', '2017-02-15 10:00:33');
INSERT INTO `profiles` (`user_id`, `gender`, `birthday`, `photo_id`, `created_at`, `updated_at`) VALUES (66, 'm', '1972-10-26', 818, '2016-07-24 03:28:39', '2018-11-16 06:09:58');
INSERT INTO `profiles` (`user_id`, `gender`, `birthday`, `photo_id`, `created_at`, `updated_at`) VALUES (67, 'f', '2020-07-23', 511, '2016-12-08 16:45:05', '2019-05-06 06:49:31');
INSERT INTO `profiles` (`user_id`, `gender`, `birthday`, `photo_id`, `created_at`, `updated_at`) VALUES (68, 'f', '1996-12-23', 74, '2015-03-21 10:49:08', '2015-05-24 23:33:22');
INSERT INTO `profiles` (`user_id`, `gender`, `birthday`, `photo_id`, `created_at`, `updated_at`) VALUES (69, 'f', '1998-06-14', 554, '2013-05-03 08:30:39', '2012-04-12 10:05:29');
INSERT INTO `profiles` (`user_id`, `gender`, `birthday`, `photo_id`, `created_at`, `updated_at`) VALUES (70, 'm', '2010-01-26', 479, '2014-06-08 12:47:37', '2021-04-10 15:00:53');
INSERT INTO `profiles` (`user_id`, `gender`, `birthday`, `photo_id`, `created_at`, `updated_at`) VALUES (71, 'f', '1978-03-01', 508, '2015-05-28 18:10:19', '2013-11-12 23:56:57');
INSERT INTO `profiles` (`user_id`, `gender`, `birthday`, `photo_id`, `created_at`, `updated_at`) VALUES (72, 'f', '1979-12-05', 705, '2014-10-28 02:49:40', '2013-12-03 08:14:46');
INSERT INTO `profiles` (`user_id`, `gender`, `birthday`, `photo_id`, `created_at`, `updated_at`) VALUES (73, 'm', '1992-05-02', 712, '2017-10-04 04:50:27', '2014-09-06 09:32:01');
INSERT INTO `profiles` (`user_id`, `gender`, `birthday`, `photo_id`, `created_at`, `updated_at`) VALUES (74, 'f', '1999-03-22', 322, '2016-06-15 04:18:17', '2013-11-02 03:51:47');
INSERT INTO `profiles` (`user_id`, `gender`, `birthday`, `photo_id`, `created_at`, `updated_at`) VALUES (75, 'f', '1999-01-11', 121, '2018-06-04 06:33:08', '2013-06-28 04:38:33');
INSERT INTO `profiles` (`user_id`, `gender`, `birthday`, `photo_id`, `created_at`, `updated_at`) VALUES (76, 'm', '1981-01-20', 408, '2014-04-05 06:37:59', '2017-02-07 17:27:06');
INSERT INTO `profiles` (`user_id`, `gender`, `birthday`, `photo_id`, `created_at`, `updated_at`) VALUES (77, 'f', '2015-07-28', 444, '2013-05-10 14:47:31', '2021-03-19 09:51:55');
INSERT INTO `profiles` (`user_id`, `gender`, `birthday`, `photo_id`, `created_at`, `updated_at`) VALUES (78, 'f', '1983-03-27', 470, '2011-12-13 09:05:07', '2015-10-23 10:06:39');
INSERT INTO `profiles` (`user_id`, `gender`, `birthday`, `photo_id`, `created_at`, `updated_at`) VALUES (79, 'f', '1978-03-10', 915, '2016-05-04 18:17:26', '2012-02-22 23:34:21');
INSERT INTO `profiles` (`user_id`, `gender`, `birthday`, `photo_id`, `created_at`, `updated_at`) VALUES (80, 'f', '2013-05-03', 161, '2012-06-08 06:29:21', '2021-06-26 02:58:05');
INSERT INTO `profiles` (`user_id`, `gender`, `birthday`, `photo_id`, `created_at`, `updated_at`) VALUES (81, 'f', '2014-03-12', 608, '2013-02-10 13:03:20', '2014-07-20 09:16:58');
INSERT INTO `profiles` (`user_id`, `gender`, `birthday`, `photo_id`, `created_at`, `updated_at`) VALUES (82, 'm', '2005-01-10', 90, '2021-06-09 19:56:10', '2020-05-19 06:18:20');
INSERT INTO `profiles` (`user_id`, `gender`, `birthday`, `photo_id`, `created_at`, `updated_at`) VALUES (83, 'f', '1970-03-26', 558, '2014-06-17 09:19:04', '2020-08-15 01:29:11');
INSERT INTO `profiles` (`user_id`, `gender`, `birthday`, `photo_id`, `created_at`, `updated_at`) VALUES (84, 'f', '1995-06-30', 883, '2015-02-14 05:58:22', '2016-03-09 12:48:47');
INSERT INTO `profiles` (`user_id`, `gender`, `birthday`, `photo_id`, `created_at`, `updated_at`) VALUES (85, 'm', '1993-01-31', 242, '2013-01-28 20:56:21', '2013-06-01 04:57:41');
INSERT INTO `profiles` (`user_id`, `gender`, `birthday`, `photo_id`, `created_at`, `updated_at`) VALUES (86, 'm', '2009-07-23', 245, '2016-09-29 01:41:50', '2017-08-14 13:34:27');
INSERT INTO `profiles` (`user_id`, `gender`, `birthday`, `photo_id`, `created_at`, `updated_at`) VALUES (87, 'm', '2020-09-14', 917, '2021-06-09 23:30:33', '2017-06-12 02:59:57');
INSERT INTO `profiles` (`user_id`, `gender`, `birthday`, `photo_id`, `created_at`, `updated_at`) VALUES (88, 'f', '1991-10-01', 879, '2017-07-24 06:33:01', '2012-03-19 18:19:51');
INSERT INTO `profiles` (`user_id`, `gender`, `birthday`, `photo_id`, `created_at`, `updated_at`) VALUES (89, 'f', '2020-06-03', 787, '2012-12-30 07:09:07', '2019-05-24 13:26:17');
INSERT INTO `profiles` (`user_id`, `gender`, `birthday`, `photo_id`, `created_at`, `updated_at`) VALUES (90, 'm', '1985-03-01', 84, '2015-12-30 18:37:55', '2016-04-18 14:54:26');
INSERT INTO `profiles` (`user_id`, `gender`, `birthday`, `photo_id`, `created_at`, `updated_at`) VALUES (91, 'm', '1979-11-22', 339, '2020-03-22 04:29:46', '2021-06-06 01:23:41');
INSERT INTO `profiles` (`user_id`, `gender`, `birthday`, `photo_id`, `created_at`, `updated_at`) VALUES (92, 'm', '1970-07-14', 367, '2013-08-14 19:54:19', '2017-11-05 23:27:43');
INSERT INTO `profiles` (`user_id`, `gender`, `birthday`, `photo_id`, `created_at`, `updated_at`) VALUES (93, 'f', '1988-08-04', 678, '2019-05-27 06:07:13', '2011-08-01 08:24:07');
INSERT INTO `profiles` (`user_id`, `gender`, `birthday`, `photo_id`, `created_at`, `updated_at`) VALUES (94, 'f', '2013-05-29', 969, '2019-12-19 08:39:28', '2012-02-18 02:12:41');
INSERT INTO `profiles` (`user_id`, `gender`, `birthday`, `photo_id`, `created_at`, `updated_at`) VALUES (95, 'm', '1977-04-24', 592, '2016-11-28 20:14:26', '2014-07-31 20:02:17');
INSERT INTO `profiles` (`user_id`, `gender`, `birthday`, `photo_id`, `created_at`, `updated_at`) VALUES (96, 'm', '1998-02-06', 171, '2017-05-12 23:19:32', '2014-01-20 14:10:53');
INSERT INTO `profiles` (`user_id`, `gender`, `birthday`, `photo_id`, `created_at`, `updated_at`) VALUES (97, 'm', '2016-07-16', 437, '2013-01-01 12:21:31', '2018-12-29 13:12:09');
INSERT INTO `profiles` (`user_id`, `gender`, `birthday`, `photo_id`, `created_at`, `updated_at`) VALUES (98, 'm', '2008-09-09', 373, '2017-03-03 13:46:44', '2017-03-13 18:53:53');
INSERT INTO `profiles` (`user_id`, `gender`, `birthday`, `photo_id`, `created_at`, `updated_at`) VALUES (99, 'f', '1987-05-21', 166, '2015-07-10 10:07:53', '2012-03-19 08:24:26');
INSERT INTO `profiles` (`user_id`, `gender`, `birthday`, `photo_id`, `created_at`, `updated_at`) VALUES (100, 'f', '2020-02-04', 838, '2021-01-21 09:53:46', '2014-08-30 15:23:48');

#
# TABLE STRUCTURE FOR: countries
#

INSERT INTO `countries` (`id`, `name`, `created_at`, `updated_at`) VALUES (1, 'Uganda', '2021-01-18 12:48:30', '2016-08-18 15:39:30');
INSERT INTO `countries` (`id`, `name`, `created_at`, `updated_at`) VALUES (2, 'Turks and Caicos Islands', '2021-06-05 19:24:45', '2016-02-04 06:05:36');
INSERT INTO `countries` (`id`, `name`, `created_at`, `updated_at`) VALUES (3, 'Cayman Islands', '2017-06-05 09:49:52', '2015-04-24 17:49:52');
INSERT INTO `countries` (`id`, `name`, `created_at`, `updated_at`) VALUES (4, 'Svalbard & Jan Mayen Islands', '2012-04-17 16:42:39', '2016-07-06 16:25:19');
INSERT INTO `countries` (`id`, `name`, `created_at`, `updated_at`) VALUES (5, 'Australia', '2018-04-30 08:20:05', '2012-01-13 13:34:45');
INSERT INTO `countries` (`id`, `name`, `created_at`, `updated_at`) VALUES (6, 'Bolivia', '2012-06-06 20:56:38', '2015-05-31 12:19:26');
INSERT INTO `countries` (`id`, `name`, `created_at`, `updated_at`) VALUES (7, 'Faroe Islands', '2013-09-10 09:43:14', '2017-04-11 14:07:24');
INSERT INTO `countries` (`id`, `name`, `created_at`, `updated_at`) VALUES (8, 'Mongolia', '2014-09-01 16:34:45', '2020-03-16 05:11:39');
INSERT INTO `countries` (`id`, `name`, `created_at`, `updated_at`) VALUES (9, 'Dominica', '2019-10-23 14:32:09', '2019-08-07 12:55:04');
INSERT INTO `countries` (`id`, `name`, `created_at`, `updated_at`) VALUES (10, 'Netherlands', '2016-11-28 13:38:17', '2021-04-14 05:06:56');
INSERT INTO `countries` (`id`, `name`, `created_at`, `updated_at`) VALUES (11, 'Sao Tome and Principe', '2018-02-19 22:21:39', '2015-08-17 00:16:38');
INSERT INTO `countries` (`id`, `name`, `created_at`, `updated_at`) VALUES (12, 'Lithuania', '2011-07-23 03:32:58', '2020-07-09 22:00:19');
INSERT INTO `countries` (`id`, `name`, `created_at`, `updated_at`) VALUES (13, 'Macedonia', '2011-11-02 20:40:01', '2019-08-16 10:34:32');
INSERT INTO `countries` (`id`, `name`, `created_at`, `updated_at`) VALUES (14, 'France', '2019-08-22 08:02:49', '2013-07-06 18:28:11');
INSERT INTO `countries` (`id`, `name`, `created_at`, `updated_at`) VALUES (15, 'Liberia', '2016-11-28 18:31:16', '2020-09-22 22:16:36');
INSERT INTO `countries` (`id`, `name`, `created_at`, `updated_at`) VALUES (16, 'Antarctica (the territory South of 60 deg S)', '2020-11-07 22:55:41', '2017-10-14 17:02:11');
INSERT INTO `countries` (`id`, `name`, `created_at`, `updated_at`) VALUES (17, 'Sudan', '2018-02-19 22:03:56', '2015-03-02 00:15:32');
INSERT INTO `countries` (`id`, `name`, `created_at`, `updated_at`) VALUES (18, 'United States of America', '2017-09-01 04:06:19', '2020-03-12 17:22:34');
INSERT INTO `countries` (`id`, `name`, `created_at`, `updated_at`) VALUES (19, 'United States Minor Outlying Islands', '2012-07-16 08:39:19', '2013-12-05 09:20:43');
INSERT INTO `countries` (`id`, `name`, `created_at`, `updated_at`) VALUES (20, 'Turkey', '2015-10-06 03:20:59', '2011-11-09 17:22:37');
INSERT INTO `countries` (`id`, `name`, `created_at`, `updated_at`) VALUES (21, 'Luxembourg', '2018-05-11 05:26:23', '2014-11-27 22:00:54');
INSERT INTO `countries` (`id`, `name`, `created_at`, `updated_at`) VALUES (22, 'South Africa', '2013-02-04 15:13:14', '2020-03-19 10:35:23');
INSERT INTO `countries` (`id`, `name`, `created_at`, `updated_at`) VALUES (23, 'Nauru', '2014-06-08 12:58:32', '2016-05-22 01:05:00');
INSERT INTO `countries` (`id`, `name`, `created_at`, `updated_at`) VALUES (24, 'Bahamas', '2020-11-25 13:53:42', '2015-04-05 18:00:13');
INSERT INTO `countries` (`id`, `name`, `created_at`, `updated_at`) VALUES (25, 'Gambia', '2015-08-05 23:26:20', '2011-10-17 05:15:40');
INSERT INTO `countries` (`id`, `name`, `created_at`, `updated_at`) VALUES (26, 'India', '2012-04-17 07:04:58', '2011-11-13 02:55:55');
INSERT INTO `countries` (`id`, `name`, `created_at`, `updated_at`) VALUES (27, 'Argentina', '2018-01-03 23:19:01', '2020-08-08 05:41:47');
INSERT INTO `countries` (`id`, `name`, `created_at`, `updated_at`) VALUES (28, 'Iceland', '2011-09-01 14:37:45', '2015-06-23 21:40:37');
INSERT INTO `countries` (`id`, `name`, `created_at`, `updated_at`) VALUES (29, 'Tanzania', '2019-11-05 08:00:32', '2013-02-19 14:57:26');
INSERT INTO `countries` (`id`, `name`, `created_at`, `updated_at`) VALUES (30, 'Marshall Islands', '2020-07-19 10:16:40', '2012-07-06 03:06:47');
INSERT INTO `countries` (`id`, `name`, `created_at`, `updated_at`) VALUES (31, 'Mali', '2020-01-07 23:22:01', '2014-02-25 12:45:39');
INSERT INTO `countries` (`id`, `name`, `created_at`, `updated_at`) VALUES (32, 'Tunisia', '2015-11-12 17:22:20', '2019-10-05 22:32:18');
INSERT INTO `countries` (`id`, `name`, `created_at`, `updated_at`) VALUES (33, 'Zambia', '2014-01-21 00:57:33', '2019-06-28 01:32:56');
INSERT INTO `countries` (`id`, `name`, `created_at`, `updated_at`) VALUES (34, 'Saint Lucia', '2012-06-27 10:22:11', '2012-01-03 02:00:09');
INSERT INTO `countries` (`id`, `name`, `created_at`, `updated_at`) VALUES (35, 'Philippines', '2020-08-22 22:16:04', '2019-04-14 12:47:41');
INSERT INTO `countries` (`id`, `name`, `created_at`, `updated_at`) VALUES (36, 'Saudi Arabia', '2020-06-23 03:59:49', '2017-05-10 16:15:05');
INSERT INTO `countries` (`id`, `name`, `created_at`, `updated_at`) VALUES (37, 'Burkina Faso', '2013-05-17 03:39:10', '2017-06-18 16:51:14');
INSERT INTO `countries` (`id`, `name`, `created_at`, `updated_at`) VALUES (38, 'New Zealand', '2014-09-01 11:41:37', '2013-08-01 22:19:01');
INSERT INTO `countries` (`id`, `name`, `created_at`, `updated_at`) VALUES (39, 'Morocco', '2012-12-20 04:58:10', '2013-05-06 19:14:54');
INSERT INTO `countries` (`id`, `name`, `created_at`, `updated_at`) VALUES (40, 'Slovakia (Slovak Republic)', '2021-05-23 11:22:50', '2019-09-02 00:01:12');
INSERT INTO `countries` (`id`, `name`, `created_at`, `updated_at`) VALUES (41, 'Guinea', '2020-07-24 13:17:48', '2011-08-06 15:54:16');
INSERT INTO `countries` (`id`, `name`, `created_at`, `updated_at`) VALUES (42, 'Bulgaria', '2018-11-04 01:55:50', '2015-11-17 23:14:53');
INSERT INTO `countries` (`id`, `name`, `created_at`, `updated_at`) VALUES (43, 'Reunion', '2016-11-09 09:22:22', '2018-06-03 00:46:53');
INSERT INTO `countries` (`id`, `name`, `created_at`, `updated_at`) VALUES (44, 'Samoa', '2011-12-09 17:51:04', '2017-09-28 15:42:01');
INSERT INTO `countries` (`id`, `name`, `created_at`, `updated_at`) VALUES (45, 'Malaysia', '2020-04-12 06:37:58', '2015-12-12 14:24:28');
INSERT INTO `countries` (`id`, `name`, `created_at`, `updated_at`) VALUES (46, 'Niue', '2015-07-22 02:40:19', '2015-10-15 11:16:23');
INSERT INTO `countries` (`id`, `name`, `created_at`, `updated_at`) VALUES (47, 'Nigeria', '2012-10-12 09:24:11', '2016-02-26 12:17:42');
INSERT INTO `countries` (`id`, `name`, `created_at`, `updated_at`) VALUES (48, 'Hungary', '2014-02-04 15:46:22', '2018-09-01 21:21:18');
INSERT INTO `countries` (`id`, `name`, `created_at`, `updated_at`) VALUES (49, 'Benin', '2020-01-03 05:57:43', '2013-08-30 14:39:32');
INSERT INTO `countries` (`id`, `name`, `created_at`, `updated_at`) VALUES (50, 'Kazakhstan', '2021-03-18 03:36:50', '2018-09-06 20:33:11');

#
# TABLE STRUCTURE FOR: trailers
#

INSERT INTO `trailers` (`id`, `filename`, `size`, `created_at`, `updated_at`) VALUES (1, 'ab', 157795, '2019-07-20 10:27:45', '2019-12-23 05:25:19');
INSERT INTO `trailers` (`id`, `filename`, `size`, `created_at`, `updated_at`) VALUES (2, 'qui', 291401, '2015-11-13 14:38:55', '2014-06-29 13:50:19');
INSERT INTO `trailers` (`id`, `filename`, `size`, `created_at`, `updated_at`) VALUES (3, 'ut', 312077, '2018-04-03 05:01:08', '2021-01-20 02:56:47');
INSERT INTO `trailers` (`id`, `filename`, `size`, `created_at`, `updated_at`) VALUES (4, 'at', 114316, '2018-12-18 17:55:52', '2016-10-14 01:27:18');
INSERT INTO `trailers` (`id`, `filename`, `size`, `created_at`, `updated_at`) VALUES (5, 'deserunt', 254598, '2016-10-17 14:57:22', '2016-05-22 14:43:30');
INSERT INTO `trailers` (`id`, `filename`, `size`, `created_at`, `updated_at`) VALUES (6, 'corrupti', 477074, '2014-06-21 11:04:30', '2016-07-22 11:03:46');
INSERT INTO `trailers` (`id`, `filename`, `size`, `created_at`, `updated_at`) VALUES (7, 'aut', 257688, '2019-08-21 20:49:43', '2016-11-30 15:08:40');
INSERT INTO `trailers` (`id`, `filename`, `size`, `created_at`, `updated_at`) VALUES (8, 'qui', 378548, '2013-05-06 11:23:40', '2019-11-23 03:46:12');
INSERT INTO `trailers` (`id`, `filename`, `size`, `created_at`, `updated_at`) VALUES (9, 'quis', 51247, '2020-04-11 17:04:07', '2011-11-01 05:28:55');
INSERT INTO `trailers` (`id`, `filename`, `size`, `created_at`, `updated_at`) VALUES (10, 'voluptatem', 149782, '2018-10-18 02:57:22', '2020-11-17 03:28:22');
INSERT INTO `trailers` (`id`, `filename`, `size`, `created_at`, `updated_at`) VALUES (11, 'doloremque', 314772, '2012-05-26 14:32:06', '2013-03-28 05:24:56');
INSERT INTO `trailers` (`id`, `filename`, `size`, `created_at`, `updated_at`) VALUES (12, 'laudantium', 320670, '2018-11-25 18:37:34', '2020-10-04 01:08:02');
INSERT INTO `trailers` (`id`, `filename`, `size`, `created_at`, `updated_at`) VALUES (13, 'perspiciatis', 175688, '2017-01-30 09:39:32', '2016-06-08 04:07:18');
INSERT INTO `trailers` (`id`, `filename`, `size`, `created_at`, `updated_at`) VALUES (14, 'nihil', 462829, '2021-03-15 11:51:45', '2016-05-06 19:40:53');
INSERT INTO `trailers` (`id`, `filename`, `size`, `created_at`, `updated_at`) VALUES (15, 'officia', 151565, '2014-05-21 07:08:17', '2013-07-03 11:15:34');
INSERT INTO `trailers` (`id`, `filename`, `size`, `created_at`, `updated_at`) VALUES (16, 'libero', 10645, '2017-09-10 05:17:57', '2020-10-17 16:27:03');
INSERT INTO `trailers` (`id`, `filename`, `size`, `created_at`, `updated_at`) VALUES (17, 'est', 314351, '2012-12-07 00:37:05', '2014-02-11 01:35:34');
INSERT INTO `trailers` (`id`, `filename`, `size`, `created_at`, `updated_at`) VALUES (18, 'qui', 409850, '2020-12-14 22:05:33', '2013-01-18 21:53:58');
INSERT INTO `trailers` (`id`, `filename`, `size`, `created_at`, `updated_at`) VALUES (19, 'impedit', 215084, '2013-12-26 20:15:31', '2014-05-10 17:30:13');
INSERT INTO `trailers` (`id`, `filename`, `size`, `created_at`, `updated_at`) VALUES (20, 'ab', 403103, '2021-05-04 12:28:05', '2012-03-03 19:27:23');
INSERT INTO `trailers` (`id`, `filename`, `size`, `created_at`, `updated_at`) VALUES (21, 'non', 50936, '2011-09-28 05:40:51', '2017-06-14 04:43:02');
INSERT INTO `trailers` (`id`, `filename`, `size`, `created_at`, `updated_at`) VALUES (22, 'enim', 451935, '2017-04-16 04:27:13', '2019-01-09 14:16:36');
INSERT INTO `trailers` (`id`, `filename`, `size`, `created_at`, `updated_at`) VALUES (23, 'quia', 418482, '2012-08-10 13:20:30', '2017-10-09 10:31:31');
INSERT INTO `trailers` (`id`, `filename`, `size`, `created_at`, `updated_at`) VALUES (24, 'labore', 6408, '2019-03-09 04:39:57', '2016-11-04 07:00:20');
INSERT INTO `trailers` (`id`, `filename`, `size`, `created_at`, `updated_at`) VALUES (25, 'aliquam', 349633, '2015-12-24 12:17:50', '2012-03-23 07:02:35');
INSERT INTO `trailers` (`id`, `filename`, `size`, `created_at`, `updated_at`) VALUES (26, 'sequi', 26708, '2015-12-17 17:49:57', '2021-04-20 08:44:39');
INSERT INTO `trailers` (`id`, `filename`, `size`, `created_at`, `updated_at`) VALUES (27, 'consequuntur', 449193, '2015-02-27 20:16:42', '2011-08-12 05:40:04');
INSERT INTO `trailers` (`id`, `filename`, `size`, `created_at`, `updated_at`) VALUES (28, 'nihil', 461540, '2012-10-15 06:37:42', '2017-08-02 03:16:18');
INSERT INTO `trailers` (`id`, `filename`, `size`, `created_at`, `updated_at`) VALUES (29, 'cupiditate', 139440, '2015-11-22 23:23:44', '2016-07-15 12:04:33');
INSERT INTO `trailers` (`id`, `filename`, `size`, `created_at`, `updated_at`) VALUES (30, 'eum', 50112, '2014-05-29 21:47:50', '2017-11-02 01:00:50');
INSERT INTO `trailers` (`id`, `filename`, `size`, `created_at`, `updated_at`) VALUES (31, 'hic', 41724, '2020-05-12 14:05:03', '2013-09-28 13:29:25');
INSERT INTO `trailers` (`id`, `filename`, `size`, `created_at`, `updated_at`) VALUES (32, 'veritatis', 208456, '2019-12-08 18:13:02', '2017-04-11 17:00:18');
INSERT INTO `trailers` (`id`, `filename`, `size`, `created_at`, `updated_at`) VALUES (33, 'ea', 243232, '2011-11-24 23:09:26', '2011-10-02 01:50:25');
INSERT INTO `trailers` (`id`, `filename`, `size`, `created_at`, `updated_at`) VALUES (34, 'voluptates', 305031, '2012-07-28 14:58:25', '2012-01-13 19:55:34');
INSERT INTO `trailers` (`id`, `filename`, `size`, `created_at`, `updated_at`) VALUES (35, 'minima', 117737, '2017-04-24 06:06:20', '2017-02-05 08:01:11');
INSERT INTO `trailers` (`id`, `filename`, `size`, `created_at`, `updated_at`) VALUES (36, 'ducimus', 420894, '2014-01-29 15:31:04', '2018-07-24 07:09:59');
INSERT INTO `trailers` (`id`, `filename`, `size`, `created_at`, `updated_at`) VALUES (37, 'voluptatem', 344825, '2014-11-25 11:04:32', '2013-08-12 15:40:51');
INSERT INTO `trailers` (`id`, `filename`, `size`, `created_at`, `updated_at`) VALUES (38, 'cupiditate', 122263, '2013-08-16 03:11:12', '2018-05-01 05:39:41');
INSERT INTO `trailers` (`id`, `filename`, `size`, `created_at`, `updated_at`) VALUES (39, 'quibusdam', 480821, '2011-09-09 10:19:09', '2019-03-17 11:16:00');
INSERT INTO `trailers` (`id`, `filename`, `size`, `created_at`, `updated_at`) VALUES (40, 'in', 392611, '2020-12-20 08:14:33', '2017-07-04 06:15:16');
INSERT INTO `trailers` (`id`, `filename`, `size`, `created_at`, `updated_at`) VALUES (41, 'illum', 13346, '2011-09-10 04:18:02', '2013-09-12 11:30:10');
INSERT INTO `trailers` (`id`, `filename`, `size`, `created_at`, `updated_at`) VALUES (42, 'doloremque', 385380, '2014-03-17 18:11:32', '2018-09-17 01:05:20');
INSERT INTO `trailers` (`id`, `filename`, `size`, `created_at`, `updated_at`) VALUES (43, 'impedit', 313660, '2011-07-19 12:58:07', '2019-08-08 11:13:45');
INSERT INTO `trailers` (`id`, `filename`, `size`, `created_at`, `updated_at`) VALUES (44, 'est', 87041, '2014-03-18 17:30:48', '2018-07-22 23:56:53');
INSERT INTO `trailers` (`id`, `filename`, `size`, `created_at`, `updated_at`) VALUES (45, 'qui', 12740, '2011-08-01 14:59:18', '2018-08-04 22:40:48');
INSERT INTO `trailers` (`id`, `filename`, `size`, `created_at`, `updated_at`) VALUES (46, 'qui', 289718, '2020-05-27 00:13:55', '2021-04-03 11:46:03');
INSERT INTO `trailers` (`id`, `filename`, `size`, `created_at`, `updated_at`) VALUES (47, 'ratione', 129030, '2019-10-30 15:53:08', '2013-01-17 22:20:42');
INSERT INTO `trailers` (`id`, `filename`, `size`, `created_at`, `updated_at`) VALUES (48, 'omnis', 402946, '2013-07-23 16:35:05', '2012-02-06 19:59:11');
INSERT INTO `trailers` (`id`, `filename`, `size`, `created_at`, `updated_at`) VALUES (49, 'distinctio', 219124, '2014-07-07 14:19:38', '2014-02-09 12:51:43');
INSERT INTO `trailers` (`id`, `filename`, `size`, `created_at`, `updated_at`) VALUES (50, 'doloremque', 197812, '2012-03-30 16:15:10', '2017-02-19 21:59:15');
INSERT INTO `trailers` (`id`, `filename`, `size`, `created_at`, `updated_at`) VALUES (51, 'officia', 18938, '2013-07-20 18:44:53', '2016-08-25 09:05:43');
INSERT INTO `trailers` (`id`, `filename`, `size`, `created_at`, `updated_at`) VALUES (52, 'iusto', 264237, '2013-08-29 03:09:28', '2011-08-28 09:10:16');
INSERT INTO `trailers` (`id`, `filename`, `size`, `created_at`, `updated_at`) VALUES (53, 'vel', 38477, '2016-05-26 11:28:36', '2013-03-30 23:09:16');
INSERT INTO `trailers` (`id`, `filename`, `size`, `created_at`, `updated_at`) VALUES (54, 'consectetur', 156274, '2019-10-16 17:30:00', '2016-03-02 21:10:02');
INSERT INTO `trailers` (`id`, `filename`, `size`, `created_at`, `updated_at`) VALUES (55, 'dolor', 182776, '2016-07-31 00:58:13', '2020-07-16 19:34:37');
INSERT INTO `trailers` (`id`, `filename`, `size`, `created_at`, `updated_at`) VALUES (56, 'aut', 244648, '2017-12-12 07:36:39', '2017-12-27 06:28:30');
INSERT INTO `trailers` (`id`, `filename`, `size`, `created_at`, `updated_at`) VALUES (57, 'dolore', 61335, '2018-10-10 05:26:08', '2012-01-01 23:31:31');
INSERT INTO `trailers` (`id`, `filename`, `size`, `created_at`, `updated_at`) VALUES (58, 'fuga', 490922, '2012-05-11 08:01:26', '2012-06-17 08:44:22');
INSERT INTO `trailers` (`id`, `filename`, `size`, `created_at`, `updated_at`) VALUES (59, 'blanditiis', 418069, '2014-12-17 08:39:30', '2012-11-11 10:29:22');
INSERT INTO `trailers` (`id`, `filename`, `size`, `created_at`, `updated_at`) VALUES (60, 'porro', 145481, '2015-11-30 19:42:49', '2017-04-22 14:56:44');
INSERT INTO `trailers` (`id`, `filename`, `size`, `created_at`, `updated_at`) VALUES (61, 'porro', 21044, '2014-03-01 14:35:52', '2016-08-11 16:36:20');
INSERT INTO `trailers` (`id`, `filename`, `size`, `created_at`, `updated_at`) VALUES (62, 'animi', 46399, '2020-08-30 12:37:33', '2014-08-01 00:26:46');
INSERT INTO `trailers` (`id`, `filename`, `size`, `created_at`, `updated_at`) VALUES (63, 'praesentium', 268708, '2018-04-22 14:06:27', '2016-02-26 08:52:22');
INSERT INTO `trailers` (`id`, `filename`, `size`, `created_at`, `updated_at`) VALUES (64, 'fugiat', 455866, '2011-10-11 07:53:04', '2013-01-15 09:47:02');
INSERT INTO `trailers` (`id`, `filename`, `size`, `created_at`, `updated_at`) VALUES (65, 'est', 31686, '2013-11-06 13:33:39', '2020-03-27 12:08:30');
INSERT INTO `trailers` (`id`, `filename`, `size`, `created_at`, `updated_at`) VALUES (66, 'dicta', 252813, '2018-05-18 18:36:38', '2013-08-18 21:41:52');
INSERT INTO `trailers` (`id`, `filename`, `size`, `created_at`, `updated_at`) VALUES (67, 'qui', 260627, '2014-06-03 05:59:25', '2020-10-26 02:58:49');
INSERT INTO `trailers` (`id`, `filename`, `size`, `created_at`, `updated_at`) VALUES (68, 'architecto', 495956, '2016-02-06 04:12:36', '2014-03-16 06:28:59');
INSERT INTO `trailers` (`id`, `filename`, `size`, `created_at`, `updated_at`) VALUES (69, 'ut', 245884, '2013-02-04 08:58:11', '2016-10-27 01:46:13');
INSERT INTO `trailers` (`id`, `filename`, `size`, `created_at`, `updated_at`) VALUES (70, 'culpa', 340378, '2012-03-22 16:25:09', '2019-04-04 13:53:01');
INSERT INTO `trailers` (`id`, `filename`, `size`, `created_at`, `updated_at`) VALUES (71, 'quaerat', 38314, '2020-02-03 13:46:08', '2017-08-17 13:47:18');
INSERT INTO `trailers` (`id`, `filename`, `size`, `created_at`, `updated_at`) VALUES (72, 'nostrum', 334401, '2019-04-06 22:48:49', '2017-08-03 03:28:24');
INSERT INTO `trailers` (`id`, `filename`, `size`, `created_at`, `updated_at`) VALUES (73, 'omnis', 253085, '2012-03-06 12:05:46', '2016-01-02 00:32:20');
INSERT INTO `trailers` (`id`, `filename`, `size`, `created_at`, `updated_at`) VALUES (74, 'ut', 113359, '2020-07-18 00:06:51', '2013-07-20 15:16:29');
INSERT INTO `trailers` (`id`, `filename`, `size`, `created_at`, `updated_at`) VALUES (75, 'nobis', 386970, '2016-01-06 20:47:55', '2018-06-12 01:00:49');
INSERT INTO `trailers` (`id`, `filename`, `size`, `created_at`, `updated_at`) VALUES (76, 'qui', 187259, '2020-09-21 18:50:14', '2016-04-27 06:49:41');
INSERT INTO `trailers` (`id`, `filename`, `size`, `created_at`, `updated_at`) VALUES (77, 'occaecati', 42237, '2019-09-08 05:13:58', '2016-05-05 20:41:22');
INSERT INTO `trailers` (`id`, `filename`, `size`, `created_at`, `updated_at`) VALUES (78, 'sit', 11212, '2016-02-05 17:41:19', '2013-03-02 19:15:30');
INSERT INTO `trailers` (`id`, `filename`, `size`, `created_at`, `updated_at`) VALUES (79, 'error', 54438, '2013-01-27 17:49:35', '2017-12-08 10:07:51');
INSERT INTO `trailers` (`id`, `filename`, `size`, `created_at`, `updated_at`) VALUES (80, 'consequuntur', 248954, '2020-03-14 09:49:50', '2019-06-06 22:41:37');
INSERT INTO `trailers` (`id`, `filename`, `size`, `created_at`, `updated_at`) VALUES (81, 'fugit', 428157, '2018-08-08 12:12:28', '2015-02-16 02:35:10');
INSERT INTO `trailers` (`id`, `filename`, `size`, `created_at`, `updated_at`) VALUES (82, 'ipsam', 87545, '2019-05-31 08:12:38', '2018-10-18 17:57:07');
INSERT INTO `trailers` (`id`, `filename`, `size`, `created_at`, `updated_at`) VALUES (83, 'dolor', 44500, '2012-05-15 23:53:49', '2021-07-07 14:32:39');
INSERT INTO `trailers` (`id`, `filename`, `size`, `created_at`, `updated_at`) VALUES (84, 'sequi', 260104, '2012-12-20 23:13:42', '2014-12-30 23:58:16');
INSERT INTO `trailers` (`id`, `filename`, `size`, `created_at`, `updated_at`) VALUES (85, 'nihil', 312606, '2018-04-10 05:03:58', '2017-02-20 00:17:58');
INSERT INTO `trailers` (`id`, `filename`, `size`, `created_at`, `updated_at`) VALUES (86, 'quis', 141569, '2015-05-02 08:16:40', '2019-07-06 05:27:20');
INSERT INTO `trailers` (`id`, `filename`, `size`, `created_at`, `updated_at`) VALUES (87, 'tempora', 467450, '2020-10-18 09:37:59', '2018-06-25 20:31:44');
INSERT INTO `trailers` (`id`, `filename`, `size`, `created_at`, `updated_at`) VALUES (88, 'in', 103326, '2016-05-30 09:36:32', '2021-01-23 10:55:44');
INSERT INTO `trailers` (`id`, `filename`, `size`, `created_at`, `updated_at`) VALUES (89, 'velit', 29726, '2021-01-08 00:48:44', '2021-06-22 09:59:00');
INSERT INTO `trailers` (`id`, `filename`, `size`, `created_at`, `updated_at`) VALUES (90, 'nostrum', 225353, '2017-05-19 23:36:00', '2018-06-04 01:14:40');
INSERT INTO `trailers` (`id`, `filename`, `size`, `created_at`, `updated_at`) VALUES (91, 'esse', 48760, '2021-05-17 05:46:32', '2021-01-03 16:20:00');
INSERT INTO `trailers` (`id`, `filename`, `size`, `created_at`, `updated_at`) VALUES (92, 'nihil', 202405, '2014-01-31 03:34:34', '2013-11-23 20:04:01');
INSERT INTO `trailers` (`id`, `filename`, `size`, `created_at`, `updated_at`) VALUES (93, 'dolore', 492500, '2011-11-19 05:14:15', '2013-06-02 02:26:41');
INSERT INTO `trailers` (`id`, `filename`, `size`, `created_at`, `updated_at`) VALUES (94, 'error', 391606, '2020-08-16 19:05:00', '2018-09-23 14:18:15');
INSERT INTO `trailers` (`id`, `filename`, `size`, `created_at`, `updated_at`) VALUES (95, 'est', 259534, '2018-05-09 16:25:37', '2020-01-10 07:43:42');
INSERT INTO `trailers` (`id`, `filename`, `size`, `created_at`, `updated_at`) VALUES (96, 'non', 50074, '2018-12-01 04:05:52', '2014-06-07 22:42:29');
INSERT INTO `trailers` (`id`, `filename`, `size`, `created_at`, `updated_at`) VALUES (97, 'qui', 432410, '2021-06-10 02:36:36', '2019-01-18 00:45:57');
INSERT INTO `trailers` (`id`, `filename`, `size`, `created_at`, `updated_at`) VALUES (98, 'quisquam', 288515, '2020-04-12 17:19:47', '2012-02-27 01:30:42');
INSERT INTO `trailers` (`id`, `filename`, `size`, `created_at`, `updated_at`) VALUES (99, 'itaque', 109566, '2017-02-08 17:30:09', '2013-09-24 06:15:53');
INSERT INTO `trailers` (`id`, `filename`, `size`, `created_at`, `updated_at`) VALUES (100, 'velit', 368041, '2013-02-13 11:25:49', '2018-06-20 09:52:17');

#
# TABLE STRUCTURE FOR: movies
#

INSERT INTO `movies` (`id`, `name`, `year`, `genre_id`, `country_id`, `description`, `duration`, `budget`, `trailer_id`, `created_at`, `updated_at`) VALUES (1, 'consequatur', 1972, 4, 39, 'Asperiores nostrum ut enim molestiae hic maxime dolor iusto.', 9838, 1118668, 11, '1985-02-06 09:54:36', '1976-05-14 16:09:26');
INSERT INTO `movies` (`id`, `name`, `year`, `genre_id`, `country_id`, `description`, `duration`, `budget`, `trailer_id`, `created_at`, `updated_at`) VALUES (2, 'doloribus', 1988, 12, 39, 'Occaecati et exercitationem nostrum est.', 7279, 7277591, 73, '1998-09-30 10:19:55', '1985-05-02 12:00:15');
INSERT INTO `movies` (`id`, `name`, `year`, `genre_id`, `country_id`, `description`, `duration`, `budget`, `trailer_id`, `created_at`, `updated_at`) VALUES (3, 'eos', 1985, 2, 13, 'Id occaecati mollitia est eaque fuga quia.', 7373, 3032488, 84, '1992-08-02 23:20:13', '1999-09-28 00:29:26');
INSERT INTO `movies` (`id`, `name`, `year`, `genre_id`, `country_id`, `description`, `duration`, `budget`, `trailer_id`, `created_at`, `updated_at`) VALUES (4, 'optio', 1981, 3, 19, 'Voluptas aliquam et accusamus ipsa sit corrupti voluptatem.', 8577, 3653416, 26, '2004-09-23 13:30:11', '1972-02-04 17:27:13');
INSERT INTO `movies` (`id`, `name`, `year`, `genre_id`, `country_id`, `description`, `duration`, `budget`, `trailer_id`, `created_at`, `updated_at`) VALUES (5, 'provident', 2007, 11, 35, 'Ipsam sapiente ea eveniet nulla fuga laudantium.', 7240, 263288, 68, '1975-03-14 07:22:28', '2017-10-13 23:31:01');
INSERT INTO `movies` (`id`, `name`, `year`, `genre_id`, `country_id`, `description`, `duration`, `budget`, `trailer_id`, `created_at`, `updated_at`) VALUES (6, 'necessitatibus', 1983, 6, 40, 'Quasi sed corrupti laudantium cumque nesciunt in.', 5253, 7393849, 48, '1992-12-31 22:14:15', '1975-06-24 11:35:12');
INSERT INTO `movies` (`id`, `name`, `year`, `genre_id`, `country_id`, `description`, `duration`, `budget`, `trailer_id`, `created_at`, `updated_at`) VALUES (7, 'consectetur', 1999, 9, 3, 'Aut quas aliquam et et quia nisi.', 6264, 8279897, 47, '1982-12-09 04:13:02', '2002-09-08 09:42:13');
INSERT INTO `movies` (`id`, `name`, `year`, `genre_id`, `country_id`, `description`, `duration`, `budget`, `trailer_id`, `created_at`, `updated_at`) VALUES (8, 'et', 1975, 14, 34, 'Itaque error quos dolor voluptas assumenda eius omnis.', 10570, 7851992, 52, '1991-06-22 11:51:37', '1994-05-11 22:37:01');
INSERT INTO `movies` (`id`, `name`, `year`, `genre_id`, `country_id`, `description`, `duration`, `budget`, `trailer_id`, `created_at`, `updated_at`) VALUES (9, 'sed', 1976, 1, 32, 'Animi officia assumenda et aspernatur.', 9453, 2795227, 8, '1975-09-20 19:19:51', '1973-09-30 04:55:09');
INSERT INTO `movies` (`id`, `name`, `year`, `genre_id`, `country_id`, `description`, `duration`, `budget`, `trailer_id`, `created_at`, `updated_at`) VALUES (10, 'consequatur', 2004, 14, 27, 'Sed ut qui numquam culpa.', 8098, 1072061, 30, '2009-07-09 23:18:53', '2010-01-13 19:00:44');
INSERT INTO `movies` (`id`, `name`, `year`, `genre_id`, `country_id`, `description`, `duration`, `budget`, `trailer_id`, `created_at`, `updated_at`) VALUES (11, 'iure', 2002, 10, 37, 'Voluptate maxime eos amet quas quod harum.', 9197, 3416915, 7, '1991-03-09 14:54:36', '1984-04-13 07:04:09');
INSERT INTO `movies` (`id`, `name`, `year`, `genre_id`, `country_id`, `description`, `duration`, `budget`, `trailer_id`, `created_at`, `updated_at`) VALUES (12, 'laudantium', 1996, 11, 26, 'Velit voluptatem ut aut libero et est ipsam.', 10558, 2593542, 85, '1975-10-22 03:04:40', '2014-08-12 03:40:56');
INSERT INTO `movies` (`id`, `name`, `year`, `genre_id`, `country_id`, `description`, `duration`, `budget`, `trailer_id`, `created_at`, `updated_at`) VALUES (13, 'suscipit', 1995, 7, 30, 'Necessitatibus at et corporis dolorem voluptas sit.', 9288, 5630926, 10, '1993-09-12 19:41:02', '2004-06-24 13:56:06');
INSERT INTO `movies` (`id`, `name`, `year`, `genre_id`, `country_id`, `description`, `duration`, `budget`, `trailer_id`, `created_at`, `updated_at`) VALUES (14, 'veniam', 2013, 8, 24, 'Doloremque sint unde sunt voluptate sunt et.', 6092, 8962756, 17, '2010-10-24 14:13:28', '1990-06-25 10:24:20');
INSERT INTO `movies` (`id`, `name`, `year`, `genre_id`, `country_id`, `description`, `duration`, `budget`, `trailer_id`, `created_at`, `updated_at`) VALUES (15, 'quia', 2006, 4, 43, 'Quia dolorem nemo sequi voluptatum doloribus eos quae veniam.', 7686, 2964736, 96, '1983-07-29 19:17:59', '1985-12-23 07:35:12');
INSERT INTO `movies` (`id`, `name`, `year`, `genre_id`, `country_id`, `description`, `duration`, `budget`, `trailer_id`, `created_at`, `updated_at`) VALUES (16, 'sint', 1978, 11, 22, 'Corporis pariatur et et et necessitatibus qui quia.', 7289, 7501530, 1, '1987-06-29 20:06:28', '1990-12-28 07:21:15');
INSERT INTO `movies` (`id`, `name`, `year`, `genre_id`, `country_id`, `description`, `duration`, `budget`, `trailer_id`, `created_at`, `updated_at`) VALUES (17, 'quia', 2007, 10, 19, 'Non fuga enim quam aut voluptates fuga autem voluptatem.', 8410, 3461170, 31, '2014-09-21 12:10:20', '1971-11-22 12:57:31');
INSERT INTO `movies` (`id`, `name`, `year`, `genre_id`, `country_id`, `description`, `duration`, `budget`, `trailer_id`, `created_at`, `updated_at`) VALUES (18, 'eveniet', 1976, 1, 46, 'Voluptatibus aspernatur sunt qui corrupti dignissimos.', 6572, 3689315, 58, '2003-11-22 12:08:50', '2009-09-30 22:56:01');
INSERT INTO `movies` (`id`, `name`, `year`, `genre_id`, `country_id`, `description`, `duration`, `budget`, `trailer_id`, `created_at`, `updated_at`) VALUES (19, 'molestiae', 2003, 1, 18, 'Sunt qui molestiae velit vero.', 6316, 5429225, 42, '2003-06-26 10:15:21', '2006-12-15 04:57:13');
INSERT INTO `movies` (`id`, `name`, `year`, `genre_id`, `country_id`, `description`, `duration`, `budget`, `trailer_id`, `created_at`, `updated_at`) VALUES (20, 'exercitationem', 2018, 8, 44, 'Error dolorum voluptatem eius.', 8053, 3727750, 89, '1995-10-02 14:40:40', '2013-06-17 00:58:00');
INSERT INTO `movies` (`id`, `name`, `year`, `genre_id`, `country_id`, `description`, `duration`, `budget`, `trailer_id`, `created_at`, `updated_at`) VALUES (21, 'rerum', 1975, 10, 39, 'Et libero necessitatibus consequuntur vero harum neque nulla non.', 7647, 7783254, 15, '1997-05-21 07:39:54', '2011-06-02 21:30:49');
INSERT INTO `movies` (`id`, `name`, `year`, `genre_id`, `country_id`, `description`, `duration`, `budget`, `trailer_id`, `created_at`, `updated_at`) VALUES (22, 'nobis', 2002, 10, 46, 'Laudantium est blanditiis sapiente vero.', 9761, 1126275, 49, '1975-01-20 09:22:19', '1983-03-13 08:25:37');
INSERT INTO `movies` (`id`, `name`, `year`, `genre_id`, `country_id`, `description`, `duration`, `budget`, `trailer_id`, `created_at`, `updated_at`) VALUES (23, 'reprehenderit', 2000, 5, 29, 'Mollitia quaerat quis dolor magnam facere ut repudiandae.', 10088, 2902694, 87, '2012-12-07 04:51:46', '2020-01-13 20:52:16');
INSERT INTO `movies` (`id`, `name`, `year`, `genre_id`, `country_id`, `description`, `duration`, `budget`, `trailer_id`, `created_at`, `updated_at`) VALUES (24, 'culpa', 1975, 10, 16, 'Nisi labore aperiam qui consectetur.', 9665, 9770503, 18, '2017-08-07 14:41:27', '1983-07-05 21:30:59');
INSERT INTO `movies` (`id`, `name`, `year`, `genre_id`, `country_id`, `description`, `duration`, `budget`, `trailer_id`, `created_at`, `updated_at`) VALUES (25, 'exercitationem', 1987, 7, 17, 'At tempora ut voluptas aliquid quae blanditiis.', 9818, 7275617, 9, '1973-03-18 19:01:25', '2004-12-29 01:46:02');
INSERT INTO `movies` (`id`, `name`, `year`, `genre_id`, `country_id`, `description`, `duration`, `budget`, `trailer_id`, `created_at`, `updated_at`) VALUES (26, 'necessitatibus', 2005, 1, 22, 'Nostrum nihil molestiae est.', 10234, 2113316, 72, '1977-08-17 11:06:18', '1980-06-27 08:18:05');
INSERT INTO `movies` (`id`, `name`, `year`, `genre_id`, `country_id`, `description`, `duration`, `budget`, `trailer_id`, `created_at`, `updated_at`) VALUES (27, 'velit', 2006, 2, 19, 'Aut est nulla unde sit necessitatibus.', 8453, 7437611, 79, '1978-08-30 15:52:02', '2002-07-29 18:41:01');
INSERT INTO `movies` (`id`, `name`, `year`, `genre_id`, `country_id`, `description`, `duration`, `budget`, `trailer_id`, `created_at`, `updated_at`) VALUES (28, 'laborum', 1992, 12, 21, 'Rerum ea quos quo ut reiciendis labore sed.', 10317, 9848551, 14, '1981-04-28 21:01:57', '2019-05-21 02:35:31');
INSERT INTO `movies` (`id`, `name`, `year`, `genre_id`, `country_id`, `description`, `duration`, `budget`, `trailer_id`, `created_at`, `updated_at`) VALUES (29, 'magni', 2003, 4, 47, 'Laudantium inventore vel assumenda a earum quos.', 9658, 2622412, 2, '2019-03-23 04:46:12', '1979-03-20 23:34:25');
INSERT INTO `movies` (`id`, `name`, `year`, `genre_id`, `country_id`, `description`, `duration`, `budget`, `trailer_id`, `created_at`, `updated_at`) VALUES (30, 'esse', 2019, 15, 43, 'Et quia perferendis est eum ut labore voluptatum.', 9278, 4703382, 78, '1986-07-24 09:00:22', '1976-04-06 23:19:15');
INSERT INTO `movies` (`id`, `name`, `year`, `genre_id`, `country_id`, `description`, `duration`, `budget`, `trailer_id`, `created_at`, `updated_at`) VALUES (31, 'at', 1972, 7, 9, 'Occaecati qui nam sint architecto facere.', 6929, 8619793, 35, '2013-04-04 14:31:51', '2002-02-10 05:23:09');
INSERT INTO `movies` (`id`, `name`, `year`, `genre_id`, `country_id`, `description`, `duration`, `budget`, `trailer_id`, `created_at`, `updated_at`) VALUES (32, 'sed', 1984, 5, 40, 'Sit quis quas rerum voluptas quia tenetur labore culpa.', 5971, 5654106, 66, '2006-10-09 03:03:11', '1986-01-11 11:17:06');
INSERT INTO `movies` (`id`, `name`, `year`, `genre_id`, `country_id`, `description`, `duration`, `budget`, `trailer_id`, `created_at`, `updated_at`) VALUES (33, 'voluptatem', 2004, 8, 12, 'Facilis sint saepe dolorum quos ullam facilis aut.', 6911, 6768623, 99, '2011-02-21 11:52:52', '1976-07-05 00:23:03');
INSERT INTO `movies` (`id`, `name`, `year`, `genre_id`, `country_id`, `description`, `duration`, `budget`, `trailer_id`, `created_at`, `updated_at`) VALUES (34, 'distinctio', 1994, 2, 10, 'Rerum magni eius praesentium autem explicabo nam.', 7932, 973689, 20, '1983-06-04 09:42:03', '1982-11-30 03:51:30');
INSERT INTO `movies` (`id`, `name`, `year`, `genre_id`, `country_id`, `description`, `duration`, `budget`, `trailer_id`, `created_at`, `updated_at`) VALUES (35, 'et', 1971, 4, 20, 'Dolor voluptatum atque et sed velit.', 8400, 616404, 12, '2011-08-27 09:16:52', '1982-11-18 20:37:17');
INSERT INTO `movies` (`id`, `name`, `year`, `genre_id`, `country_id`, `description`, `duration`, `budget`, `trailer_id`, `created_at`, `updated_at`) VALUES (36, 'nisi', 2019, 5, 15, 'Adipisci veniam eum ipsam sunt nostrum.', 9464, 2072957, 94, '1982-09-17 06:54:07', '2004-06-11 23:27:09');
INSERT INTO `movies` (`id`, `name`, `year`, `genre_id`, `country_id`, `description`, `duration`, `budget`, `trailer_id`, `created_at`, `updated_at`) VALUES (37, 'ipsa', 1980, 3, 13, 'Sunt eum non deleniti quis qui modi.', 7450, 1613114, 80, '1998-10-19 10:42:30', '1979-07-18 08:06:20');
INSERT INTO `movies` (`id`, `name`, `year`, `genre_id`, `country_id`, `description`, `duration`, `budget`, `trailer_id`, `created_at`, `updated_at`) VALUES (38, 'tenetur', 1990, 5, 2, 'Fugiat rerum officia esse inventore.', 10132, 3300062, 75, '2010-08-30 14:20:49', '2015-07-28 22:56:44');
INSERT INTO `movies` (`id`, `name`, `year`, `genre_id`, `country_id`, `description`, `duration`, `budget`, `trailer_id`, `created_at`, `updated_at`) VALUES (39, 'consequatur', 1990, 15, 26, 'Est assumenda labore beatae nihil voluptatibus est.', 8458, 8696090, 98, '1972-11-15 00:03:31', '2001-04-13 09:24:04');
INSERT INTO `movies` (`id`, `name`, `year`, `genre_id`, `country_id`, `description`, `duration`, `budget`, `trailer_id`, `created_at`, `updated_at`) VALUES (40, 'sunt', 2005, 15, 5, 'Eaque eaque rerum esse illum.', 7047, 3049354, 25, '2019-08-30 15:56:51', '1990-07-02 09:46:31');
INSERT INTO `movies` (`id`, `name`, `year`, `genre_id`, `country_id`, `description`, `duration`, `budget`, `trailer_id`, `created_at`, `updated_at`) VALUES (41, 'fuga', 1991, 6, 20, 'Culpa dolor non doloremque voluptas ad magni.', 10151, 9631996, 64, '1992-01-09 18:33:13', '1994-09-27 20:53:57');
INSERT INTO `movies` (`id`, `name`, `year`, `genre_id`, `country_id`, `description`, `duration`, `budget`, `trailer_id`, `created_at`, `updated_at`) VALUES (42, 'ipsa', 1993, 3, 24, 'Earum cum exercitationem nisi vel reprehenderit omnis cupiditate aperiam.', 7676, 9099537, 82, '1980-06-07 03:19:25', '1983-04-23 01:17:19');
INSERT INTO `movies` (`id`, `name`, `year`, `genre_id`, `country_id`, `description`, `duration`, `budget`, `trailer_id`, `created_at`, `updated_at`) VALUES (43, 'vitae', 2006, 6, 34, 'Quo non rerum repellat laboriosam qui distinctio.', 8925, 4644904, 22, '2009-12-14 20:49:53', '1998-11-05 17:28:22');
INSERT INTO `movies` (`id`, `name`, `year`, `genre_id`, `country_id`, `description`, `duration`, `budget`, `trailer_id`, `created_at`, `updated_at`) VALUES (44, 'dolorem', 2009, 7, 46, 'Aut illum excepturi sunt quas consectetur voluptates est.', 7646, 8278286, 70, '2009-05-14 19:32:32', '1970-08-04 17:49:33');
INSERT INTO `movies` (`id`, `name`, `year`, `genre_id`, `country_id`, `description`, `duration`, `budget`, `trailer_id`, `created_at`, `updated_at`) VALUES (45, 'et', 1984, 3, 12, 'Id non omnis earum qui tenetur.', 9366, 4380930, 100, '2000-12-07 23:07:55', '1978-10-25 00:18:21');
INSERT INTO `movies` (`id`, `name`, `year`, `genre_id`, `country_id`, `description`, `duration`, `budget`, `trailer_id`, `created_at`, `updated_at`) VALUES (46, 'similique', 2001, 14, 19, 'Dolore voluptatem maxime nihil sed magnam.', 5643, 9087024, 97, '1984-10-05 15:54:16', '1979-09-02 08:25:29');
INSERT INTO `movies` (`id`, `name`, `year`, `genre_id`, `country_id`, `description`, `duration`, `budget`, `trailer_id`, `created_at`, `updated_at`) VALUES (47, 'debitis', 2020, 10, 32, 'Dignissimos ipsam deleniti et similique repellat velit voluptatibus.', 6449, 7280007, 50, '2018-07-10 14:44:11', '2002-03-29 04:44:56');
INSERT INTO `movies` (`id`, `name`, `year`, `genre_id`, `country_id`, `description`, `duration`, `budget`, `trailer_id`, `created_at`, `updated_at`) VALUES (48, 'officiis', 1977, 9, 30, 'Ut qui voluptatem occaecati quis.', 6233, 4876167, 59, '2011-09-11 17:14:29', '2013-09-21 06:22:24');
INSERT INTO `movies` (`id`, `name`, `year`, `genre_id`, `country_id`, `description`, `duration`, `budget`, `trailer_id`, `created_at`, `updated_at`) VALUES (49, 'qui', 1994, 8, 6, 'Temporibus porro facilis est quia fugiat odit.', 7885, 5172165, 44, '1994-03-02 03:13:18', '1982-09-11 16:14:14');
INSERT INTO `movies` (`id`, `name`, `year`, `genre_id`, `country_id`, `description`, `duration`, `budget`, `trailer_id`, `created_at`, `updated_at`) VALUES (50, 'est', 1976, 8, 46, 'Maiores consequatur dolorem in quia et.', 10549, 663742, 3, '1976-06-21 23:47:07', '1997-02-22 22:19:47');
INSERT INTO `movies` (`id`, `name`, `year`, `genre_id`, `country_id`, `description`, `duration`, `budget`, `trailer_id`, `created_at`, `updated_at`) VALUES (51, 'sit', 2005, 7, 50, 'Sapiente velit hic in laudantium saepe laboriosam voluptatem.', 7799, 7890131, 71, '2019-03-31 18:33:15', '1995-12-24 20:08:35');
INSERT INTO `movies` (`id`, `name`, `year`, `genre_id`, `country_id`, `description`, `duration`, `budget`, `trailer_id`, `created_at`, `updated_at`) VALUES (52, 'odio', 1979, 6, 31, 'Eum voluptates perferendis libero.', 5722, 5337221, 34, '2008-01-14 05:22:50', '2020-11-21 20:14:38');
INSERT INTO `movies` (`id`, `name`, `year`, `genre_id`, `country_id`, `description`, `duration`, `budget`, `trailer_id`, `created_at`, `updated_at`) VALUES (53, 'quia', 1981, 14, 11, 'Tenetur unde explicabo in nobis nulla excepturi laudantium dolore.', 5824, 8792850, 93, '2010-03-19 09:37:59', '1990-07-28 01:05:10');
INSERT INTO `movies` (`id`, `name`, `year`, `genre_id`, `country_id`, `description`, `duration`, `budget`, `trailer_id`, `created_at`, `updated_at`) VALUES (54, 'aspernatur', 1991, 8, 3, 'Consequatur excepturi fuga aliquam corporis laborum est.', 7946, 9101981, 88, '1983-04-17 23:41:11', '1980-12-21 22:18:48');
INSERT INTO `movies` (`id`, `name`, `year`, `genre_id`, `country_id`, `description`, `duration`, `budget`, `trailer_id`, `created_at`, `updated_at`) VALUES (55, 'eveniet', 1977, 14, 41, 'Sapiente beatae porro soluta quia facere.', 7980, 1197626, 43, '1996-01-25 22:02:36', '2013-01-18 09:02:09');
INSERT INTO `movies` (`id`, `name`, `year`, `genre_id`, `country_id`, `description`, `duration`, `budget`, `trailer_id`, `created_at`, `updated_at`) VALUES (56, 'eos', 2012, 5, 35, 'Totam dolores adipisci quia est voluptatibus ad.', 9439, 8692010, 65, '1971-09-13 09:17:21', '2012-02-04 07:04:48');
INSERT INTO `movies` (`id`, `name`, `year`, `genre_id`, `country_id`, `description`, `duration`, `budget`, `trailer_id`, `created_at`, `updated_at`) VALUES (57, 'sit', 1984, 14, 7, 'Placeat dolorem cupiditate et nam repudiandae facere reprehenderit modi.', 4845, 4257623, 77, '2003-06-01 01:36:17', '1977-10-31 10:06:52');
INSERT INTO `movies` (`id`, `name`, `year`, `genre_id`, `country_id`, `description`, `duration`, `budget`, `trailer_id`, `created_at`, `updated_at`) VALUES (58, 'perspiciatis', 2017, 10, 47, 'Sed iusto ut qui qui omnis.', 10764, 7114119, 38, '1987-01-31 04:08:06', '2013-01-27 20:04:13');
INSERT INTO `movies` (`id`, `name`, `year`, `genre_id`, `country_id`, `description`, `duration`, `budget`, `trailer_id`, `created_at`, `updated_at`) VALUES (59, 'qui', 2000, 14, 15, 'Qui at qui quis autem.', 8131, 2399080, 63, '2008-07-14 02:26:39', '1988-01-06 15:19:09');
INSERT INTO `movies` (`id`, `name`, `year`, `genre_id`, `country_id`, `description`, `duration`, `budget`, `trailer_id`, `created_at`, `updated_at`) VALUES (60, 'sit', 1986, 12, 31, 'Earum molestiae suscipit voluptatem ipsam.', 9679, 5696271, 95, '1974-01-05 02:27:37', '1992-06-04 11:18:39');
INSERT INTO `movies` (`id`, `name`, `year`, `genre_id`, `country_id`, `description`, `duration`, `budget`, `trailer_id`, `created_at`, `updated_at`) VALUES (61, 'eum', 2007, 3, 23, 'Quis vel enim aut exercitationem.', 7833, 6593250, 4, '1982-07-08 15:42:47', '1979-11-22 11:02:38');
INSERT INTO `movies` (`id`, `name`, `year`, `genre_id`, `country_id`, `description`, `duration`, `budget`, `trailer_id`, `created_at`, `updated_at`) VALUES (62, 'molestiae', 2020, 13, 33, 'Nisi qui culpa voluptatibus perspiciatis voluptatum.', 6902, 3072137, 28, '2003-11-11 15:15:25', '1998-01-23 05:54:25');
INSERT INTO `movies` (`id`, `name`, `year`, `genre_id`, `country_id`, `description`, `duration`, `budget`, `trailer_id`, `created_at`, `updated_at`) VALUES (63, 'laudantium', 2021, 15, 18, 'In tempora aut quia distinctio.', 7491, 9626937, 16, '1970-04-01 19:39:33', '2012-11-30 00:43:27');
INSERT INTO `movies` (`id`, `name`, `year`, `genre_id`, `country_id`, `description`, `duration`, `budget`, `trailer_id`, `created_at`, `updated_at`) VALUES (64, 'sed', 2013, 14, 10, 'Natus et enim libero voluptatibus.', 7316, 6817765, 67, '2021-05-24 08:37:49', '1988-09-14 20:12:23');
INSERT INTO `movies` (`id`, `name`, `year`, `genre_id`, `country_id`, `description`, `duration`, `budget`, `trailer_id`, `created_at`, `updated_at`) VALUES (65, 'omnis', 1988, 6, 47, 'Vel maiores quam iure quia beatae repudiandae.', 5848, 5140250, 39, '2001-04-05 15:23:12', '2010-04-15 16:20:39');
INSERT INTO `movies` (`id`, `name`, `year`, `genre_id`, `country_id`, `description`, `duration`, `budget`, `trailer_id`, `created_at`, `updated_at`) VALUES (66, 'harum', 2008, 3, 22, 'Consequuntur molestiae porro suscipit debitis eveniet aspernatur.', 7709, 3467487, 69, '1990-03-13 06:32:43', '1971-04-17 23:36:40');
INSERT INTO `movies` (`id`, `name`, `year`, `genre_id`, `country_id`, `description`, `duration`, `budget`, `trailer_id`, `created_at`, `updated_at`) VALUES (67, 'dolorem', 1994, 14, 41, 'Ex dolorem omnis ab sequi.', 7848, 435129, 61, '2008-07-02 15:47:50', '1981-08-10 20:20:25');
INSERT INTO `movies` (`id`, `name`, `year`, `genre_id`, `country_id`, `description`, `duration`, `budget`, `trailer_id`, `created_at`, `updated_at`) VALUES (68, 'ut', 1991, 13, 33, 'Autem eius ipsa qui quo molestias.', 10207, 1458107, 41, '2015-11-22 10:18:07', '2012-08-23 10:44:41');
INSERT INTO `movies` (`id`, `name`, `year`, `genre_id`, `country_id`, `description`, `duration`, `budget`, `trailer_id`, `created_at`, `updated_at`) VALUES (69, 'quo', 1982, 10, 42, 'Omnis et aut nisi beatae at in iusto.', 8889, 6202894, 83, '2019-10-13 11:59:45', '1979-09-20 01:44:52');
INSERT INTO `movies` (`id`, `name`, `year`, `genre_id`, `country_id`, `description`, `duration`, `budget`, `trailer_id`, `created_at`, `updated_at`) VALUES (70, 'cum', 2002, 14, 50, 'Sed ad aut minima et.', 7078, 9595126, 56, '2018-07-19 16:40:10', '1988-01-16 11:27:10');
INSERT INTO `movies` (`id`, `name`, `year`, `genre_id`, `country_id`, `description`, `duration`, `budget`, `trailer_id`, `created_at`, `updated_at`) VALUES (71, 'temporibus', 2005, 9, 47, 'Impedit omnis a ut eveniet in.', 8576, 3525684, 19, '2013-01-31 07:45:05', '1976-01-28 12:41:26');
INSERT INTO `movies` (`id`, `name`, `year`, `genre_id`, `country_id`, `description`, `duration`, `budget`, `trailer_id`, `created_at`, `updated_at`) VALUES (72, 'possimus', 2003, 7, 43, 'Et harum sed deserunt.', 7308, 3879127, 40, '1984-02-15 10:42:00', '1980-07-22 23:28:44');
INSERT INTO `movies` (`id`, `name`, `year`, `genre_id`, `country_id`, `description`, `duration`, `budget`, `trailer_id`, `created_at`, `updated_at`) VALUES (73, 'magnam', 1992, 14, 17, 'Omnis id esse qui consectetur ut.', 7543, 9116405, 54, '1982-03-06 00:37:28', '1989-05-10 15:10:15');
INSERT INTO `movies` (`id`, `name`, `year`, `genre_id`, `country_id`, `description`, `duration`, `budget`, `trailer_id`, `created_at`, `updated_at`) VALUES (74, 'et', 1978, 12, 19, 'Praesentium eum dolor eos similique voluptatem aut.', 10780, 3172541, 60, '1998-06-03 09:42:46', '1981-04-16 10:42:51');
INSERT INTO `movies` (`id`, `name`, `year`, `genre_id`, `country_id`, `description`, `duration`, `budget`, `trailer_id`, `created_at`, `updated_at`) VALUES (75, 'dignissimos', 1991, 13, 24, 'Culpa autem omnis perferendis recusandae voluptas voluptatem.', 5554, 3395729, 53, '1979-11-26 02:23:17', '1979-01-14 16:41:42');
INSERT INTO `movies` (`id`, `name`, `year`, `genre_id`, `country_id`, `description`, `duration`, `budget`, `trailer_id`, `created_at`, `updated_at`) VALUES (76, 'nulla', 1991, 4, 46, 'Facilis non quia perferendis.', 5896, 6671007, 5, '2001-03-28 04:15:49', '1983-07-25 09:50:34');
INSERT INTO `movies` (`id`, `name`, `year`, `genre_id`, `country_id`, `description`, `duration`, `budget`, `trailer_id`, `created_at`, `updated_at`) VALUES (77, 'officiis', 1980, 14, 21, 'Pariatur et non corporis impedit.', 7978, 5940409, 45, '2007-12-24 00:54:48', '1998-03-04 09:53:25');
INSERT INTO `movies` (`id`, `name`, `year`, `genre_id`, `country_id`, `description`, `duration`, `budget`, `trailer_id`, `created_at`, `updated_at`) VALUES (78, 'nihil', 2003, 5, 16, 'Sed minus minima eaque ea iusto vel hic.', 9072, 8174641, 90, '2018-06-25 22:55:42', '1986-04-27 22:05:31');
INSERT INTO `movies` (`id`, `name`, `year`, `genre_id`, `country_id`, `description`, `duration`, `budget`, `trailer_id`, `created_at`, `updated_at`) VALUES (79, 'perspiciatis', 2013, 12, 39, 'Impedit qui in hic accusamus nemo.', 9905, 5851283, 27, '2014-01-09 02:45:43', '1977-03-24 20:58:31');
INSERT INTO `movies` (`id`, `name`, `year`, `genre_id`, `country_id`, `description`, `duration`, `budget`, `trailer_id`, `created_at`, `updated_at`) VALUES (80, 'voluptatem', 1971, 6, 33, 'Possimus aliquam fuga velit quo laborum est.', 8517, 7579746, 57, '1988-01-04 13:07:51', '2006-11-30 15:09:32');
INSERT INTO `movies` (`id`, `name`, `year`, `genre_id`, `country_id`, `description`, `duration`, `budget`, `trailer_id`, `created_at`, `updated_at`) VALUES (81, 'doloribus', 2011, 3, 42, 'Iure quod corrupti qui cum molestiae aliquam.', 5441, 9469618, 6, '1979-05-05 07:05:12', '2000-05-23 06:09:22');
INSERT INTO `movies` (`id`, `name`, `year`, `genre_id`, `country_id`, `description`, `duration`, `budget`, `trailer_id`, `created_at`, `updated_at`) VALUES (82, 'doloremque', 1979, 6, 40, 'Placeat explicabo atque amet et est repudiandae facere.', 8667, 8224416, 13, '2003-04-07 00:18:34', '2010-09-24 14:07:44');
INSERT INTO `movies` (`id`, `name`, `year`, `genre_id`, `country_id`, `description`, `duration`, `budget`, `trailer_id`, `created_at`, `updated_at`) VALUES (83, 'consectetur', 2013, 7, 15, 'Et porro autem aut voluptas explicabo.', 7217, 3558142, 91, '1991-02-03 22:28:34', '1992-02-05 00:34:57');
INSERT INTO `movies` (`id`, `name`, `year`, `genre_id`, `country_id`, `description`, `duration`, `budget`, `trailer_id`, `created_at`, `updated_at`) VALUES (84, 'dignissimos', 2005, 13, 15, 'Nobis omnis consectetur modi debitis quos aspernatur rerum.', 9360, 1463657, 81, '2012-11-25 08:47:53', '1980-02-25 03:38:33');
INSERT INTO `movies` (`id`, `name`, `year`, `genre_id`, `country_id`, `description`, `duration`, `budget`, `trailer_id`, `created_at`, `updated_at`) VALUES (85, 'asperiores', 2010, 12, 8, 'Hic dolores nostrum ad aut quo.', 9708, 8510954, 92, '2020-09-25 23:08:04', '1977-04-04 15:26:16');
INSERT INTO `movies` (`id`, `name`, `year`, `genre_id`, `country_id`, `description`, `duration`, `budget`, `trailer_id`, `created_at`, `updated_at`) VALUES (86, 'fuga', 2020, 4, 24, 'Nam maiores enim reiciendis a corporis.', 8951, 7050600, 86, '1974-05-05 14:30:45', '2002-04-22 02:43:33');
INSERT INTO `movies` (`id`, `name`, `year`, `genre_id`, `country_id`, `description`, `duration`, `budget`, `trailer_id`, `created_at`, `updated_at`) VALUES (87, 'aut', 1974, 14, 34, 'Illo sapiente ea aut in dolor nisi eum.', 8999, 2950599, 55, '1984-01-29 17:51:06', '1986-12-27 04:31:36');
INSERT INTO `movies` (`id`, `name`, `year`, `genre_id`, `country_id`, `description`, `duration`, `budget`, `trailer_id`, `created_at`, `updated_at`) VALUES (88, 'et', 1989, 3, 6, 'Blanditiis labore consequuntur expedita error.', 9402, 5642966, 29, '2008-10-01 02:00:41', '1989-04-15 01:56:01');
INSERT INTO `movies` (`id`, `name`, `year`, `genre_id`, `country_id`, `description`, `duration`, `budget`, `trailer_id`, `created_at`, `updated_at`) VALUES (89, 'qui', 1974, 8, 43, 'Numquam sit a dolorem amet iste.', 7723, 2500067, 62, '1987-03-18 00:32:34', '1995-02-15 11:06:16');
INSERT INTO `movies` (`id`, `name`, `year`, `genre_id`, `country_id`, `description`, `duration`, `budget`, `trailer_id`, `created_at`, `updated_at`) VALUES (90, 'totam', 2011, 5, 8, 'Dolore dolorem voluptatem adipisci odit laudantium.', 8361, 3984354, 37, '1991-12-27 19:01:32', '2004-07-12 14:59:30');
INSERT INTO `movies` (`id`, `name`, `year`, `genre_id`, `country_id`, `description`, `duration`, `budget`, `trailer_id`, `created_at`, `updated_at`) VALUES (91, 'eveniet', 2014, 15, 17, 'Voluptas vel debitis sint est ut.', 8560, 3435604, 51, '2017-09-21 06:01:00', '1998-03-16 12:25:39');
INSERT INTO `movies` (`id`, `name`, `year`, `genre_id`, `country_id`, `description`, `duration`, `budget`, `trailer_id`, `created_at`, `updated_at`) VALUES (92, 'iusto', 2012, 8, 22, 'Molestias nam quaerat in nobis rem dolores est.', 4861, 2510868, 24, '2006-01-19 21:59:27', '1994-12-29 01:43:24');
INSERT INTO `movies` (`id`, `name`, `year`, `genre_id`, `country_id`, `description`, `duration`, `budget`, `trailer_id`, `created_at`, `updated_at`) VALUES (93, 'laborum', 2020, 8, 50, 'Quae ad sequi repellendus aspernatur at animi eveniet.', 9073, 4548887, 46, '1990-06-10 16:27:27', '1995-02-22 00:04:40');
INSERT INTO `movies` (`id`, `name`, `year`, `genre_id`, `country_id`, `description`, `duration`, `budget`, `trailer_id`, `created_at`, `updated_at`) VALUES (94, 'asperiores', 1998, 5, 39, 'Veniam eveniet nihil exercitationem laudantium odit pariatur.', 5052, 9364956, 32, '1995-09-05 12:30:28', '1987-03-20 14:24:25');
INSERT INTO `movies` (`id`, `name`, `year`, `genre_id`, `country_id`, `description`, `duration`, `budget`, `trailer_id`, `created_at`, `updated_at`) VALUES (95, 'cumque', 2006, 10, 40, 'Corporis quibusdam ullam molestias necessitatibus dolore.', 10549, 9091315, 23, '2007-10-24 06:50:34', '1996-09-04 17:24:15');

#
# TABLE STRUCTURE FOR: reviews
#

INSERT INTO `reviews` (`user_id`, `movie_id`, `review`, `created_at`, `updated_at`) VALUES (1, 70, 'Ea et nesciunt nobis voluptate dolores.', '2016-12-03 01:29:46', '2014-09-27 00:12:28');
INSERT INTO `reviews` (`user_id`, `movie_id`, `review`, `created_at`, `updated_at`) VALUES (3, 13, 'Explicabo beatae aperiam atque voluptatem ut quis omnis.', '2019-05-11 12:24:04', '2018-10-11 09:03:43');
INSERT INTO `reviews` (`user_id`, `movie_id`, `review`, `created_at`, `updated_at`) VALUES (4, 36, 'Aliquam odit unde pariatur amet aut rerum.', '2012-10-20 21:57:04', '2021-03-03 09:06:46');
INSERT INTO `reviews` (`user_id`, `movie_id`, `review`, `created_at`, `updated_at`) VALUES (4, 84, 'Odit repellat rem blanditiis sunt iure accusantium eum.', '2015-07-25 22:32:35', '2012-02-17 14:35:36');
INSERT INTO `reviews` (`user_id`, `movie_id`, `review`, `created_at`, `updated_at`) VALUES (6, 35, 'Rerum dolores occaecati modi consequatur quia.', '2020-10-27 12:00:31', '2016-09-13 04:12:11');
INSERT INTO `reviews` (`user_id`, `movie_id`, `review`, `created_at`, `updated_at`) VALUES (8, 30, 'Dolores voluptas dolores qui pariatur et.', '2020-07-30 04:45:04', '2018-02-03 04:57:41');
INSERT INTO `reviews` (`user_id`, `movie_id`, `review`, `created_at`, `updated_at`) VALUES (8, 85, 'Doloribus in totam aut quia.', '2013-12-26 03:30:10', '2020-12-31 05:54:35');
INSERT INTO `reviews` (`user_id`, `movie_id`, `review`, `created_at`, `updated_at`) VALUES (9, 7, 'Autem voluptatem quidem debitis deserunt dicta.', '2012-12-01 03:19:03', '2019-04-26 05:26:17');
INSERT INTO `reviews` (`user_id`, `movie_id`, `review`, `created_at`, `updated_at`) VALUES (9, 48, 'In cumque nemo inventore suscipit.', '2018-07-04 15:36:30', '2019-03-05 14:41:38');
INSERT INTO `reviews` (`user_id`, `movie_id`, `review`, `created_at`, `updated_at`) VALUES (9, 58, 'Quia dolor aut facilis.', '2013-05-08 23:11:07', '2017-02-06 12:13:17');
INSERT INTO `reviews` (`user_id`, `movie_id`, `review`, `created_at`, `updated_at`) VALUES (11, 83, 'Repudiandae ea neque cupiditate labore dignissimos.', '2016-10-05 04:36:07', '2018-04-08 13:01:00');
INSERT INTO `reviews` (`user_id`, `movie_id`, `review`, `created_at`, `updated_at`) VALUES (12, 46, 'Ipsam velit ut sint et corrupti.', '2013-07-02 04:08:10', '2019-12-15 08:59:33');
INSERT INTO `reviews` (`user_id`, `movie_id`, `review`, `created_at`, `updated_at`) VALUES (12, 55, 'Nulla consequuntur officiis minus.', '2014-08-25 13:29:36', '2016-06-06 18:42:21');
INSERT INTO `reviews` (`user_id`, `movie_id`, `review`, `created_at`, `updated_at`) VALUES (13, 33, 'Laudantium qui repellendus nostrum suscipit laboriosam vero neque.', '2012-06-23 20:35:51', '2019-10-07 13:36:02');
INSERT INTO `reviews` (`user_id`, `movie_id`, `review`, `created_at`, `updated_at`) VALUES (13, 47, 'Facilis perferendis nulla suscipit optio delectus fugiat modi.', '2014-02-03 20:48:20', '2014-03-07 07:44:43');
INSERT INTO `reviews` (`user_id`, `movie_id`, `review`, `created_at`, `updated_at`) VALUES (16, 61, 'Nobis rerum vel est magnam ullam vero.', '2020-09-13 17:05:24', '2020-01-15 03:57:51');
INSERT INTO `reviews` (`user_id`, `movie_id`, `review`, `created_at`, `updated_at`) VALUES (20, 29, 'Quo voluptas odit vel explicabo.', '2021-06-08 00:09:52', '2017-05-05 01:49:32');
INSERT INTO `reviews` (`user_id`, `movie_id`, `review`, `created_at`, `updated_at`) VALUES (21, 9, 'Vero beatae ut aliquam accusamus debitis voluptatem.', '2017-10-02 00:38:59', '2018-06-18 18:54:00');
INSERT INTO `reviews` (`user_id`, `movie_id`, `review`, `created_at`, `updated_at`) VALUES (22, 42, 'Quo cumque ab vero inventore.', '2017-11-10 08:21:00', '2020-04-09 01:07:25');
INSERT INTO `reviews` (`user_id`, `movie_id`, `review`, `created_at`, `updated_at`) VALUES (23, 12, 'Qui explicabo rem rerum ad quam culpa et quaerat.', '2015-07-14 06:24:35', '2011-08-25 15:15:41');
INSERT INTO `reviews` (`user_id`, `movie_id`, `review`, `created_at`, `updated_at`) VALUES (23, 57, 'Eos a non dolorum occaecati molestiae placeat.', '2013-08-20 04:36:22', '2012-04-01 11:57:16');
INSERT INTO `reviews` (`user_id`, `movie_id`, `review`, `created_at`, `updated_at`) VALUES (24, 94, 'Earum et consectetur dolores nostrum.', '2021-06-17 00:55:38', '2013-11-16 03:40:29');
INSERT INTO `reviews` (`user_id`, `movie_id`, `review`, `created_at`, `updated_at`) VALUES (25, 46, 'Provident voluptatem saepe sed laborum dolorum temporibus adipisci.', '2015-06-26 13:24:34', '2019-07-08 11:33:46');
INSERT INTO `reviews` (`user_id`, `movie_id`, `review`, `created_at`, `updated_at`) VALUES (25, 86, 'Veritatis ab iusto aut qui sapiente rerum tenetur.', '2018-04-28 12:12:09', '2014-02-02 08:01:39');
INSERT INTO `reviews` (`user_id`, `movie_id`, `review`, `created_at`, `updated_at`) VALUES (27, 57, 'Et neque velit laboriosam et sint eveniet.', '2020-07-19 03:59:22', '2016-01-25 09:43:16');
INSERT INTO `reviews` (`user_id`, `movie_id`, `review`, `created_at`, `updated_at`) VALUES (28, 75, 'Corrupti laboriosam saepe molestiae et culpa molestiae suscipit.', '2018-11-06 06:20:06', '2018-02-21 00:43:19');
INSERT INTO `reviews` (`user_id`, `movie_id`, `review`, `created_at`, `updated_at`) VALUES (28, 92, 'Enim aperiam reprehenderit laborum corrupti esse harum ullam aliquam.', '2017-01-08 02:14:50', '2013-11-08 11:48:35');
INSERT INTO `reviews` (`user_id`, `movie_id`, `review`, `created_at`, `updated_at`) VALUES (29, 36, 'Consequatur consequatur ipsa et perspiciatis.', '2020-08-05 03:49:02', '2019-10-10 14:48:03');
INSERT INTO `reviews` (`user_id`, `movie_id`, `review`, `created_at`, `updated_at`) VALUES (30, 11, 'Dolor occaecati dolores quibusdam optio qui et reprehenderit.', '2015-01-01 16:53:07', '2017-07-25 12:05:38');
INSERT INTO `reviews` (`user_id`, `movie_id`, `review`, `created_at`, `updated_at`) VALUES (30, 76, 'Adipisci ex eum commodi dolorem.', '2017-05-17 15:08:03', '2015-05-06 12:29:41');
INSERT INTO `reviews` (`user_id`, `movie_id`, `review`, `created_at`, `updated_at`) VALUES (31, 72, 'Quia eos enim quae.', '2017-03-15 17:35:01', '2016-11-15 03:43:01');
INSERT INTO `reviews` (`user_id`, `movie_id`, `review`, `created_at`, `updated_at`) VALUES (32, 83, 'Doloribus aspernatur commodi molestiae sequi suscipit id.', '2016-09-27 01:29:04', '2017-07-31 05:48:15');
INSERT INTO `reviews` (`user_id`, `movie_id`, `review`, `created_at`, `updated_at`) VALUES (36, 5, 'Quia incidunt excepturi ad et.', '2020-08-28 12:34:46', '2021-05-25 17:32:23');
INSERT INTO `reviews` (`user_id`, `movie_id`, `review`, `created_at`, `updated_at`) VALUES (37, 78, 'Beatae reiciendis est minus voluptas totam maxime asperiores.', '2016-02-13 15:44:56', '2018-01-21 09:13:48');
INSERT INTO `reviews` (`user_id`, `movie_id`, `review`, `created_at`, `updated_at`) VALUES (38, 9, 'Nobis illo officiis minima voluptas.', '2014-09-07 15:40:39', '2015-12-29 17:30:15');
INSERT INTO `reviews` (`user_id`, `movie_id`, `review`, `created_at`, `updated_at`) VALUES (39, 78, 'Voluptatem dicta voluptates fugit aliquid.', '2013-05-10 17:33:29', '2018-12-26 21:57:15');
INSERT INTO `reviews` (`user_id`, `movie_id`, `review`, `created_at`, `updated_at`) VALUES (40, 30, 'Veniam quaerat qui magni voluptas dolor in iusto.', '2015-05-05 14:25:43', '2011-07-18 01:30:36');
INSERT INTO `reviews` (`user_id`, `movie_id`, `review`, `created_at`, `updated_at`) VALUES (40, 95, 'Qui id cumque deserunt sit.', '2011-09-03 02:31:57', '2015-10-18 18:09:19');
INSERT INTO `reviews` (`user_id`, `movie_id`, `review`, `created_at`, `updated_at`) VALUES (41, 20, 'Quia ipsa adipisci repudiandae.', '2013-08-12 07:58:48', '2017-03-20 01:56:20');
INSERT INTO `reviews` (`user_id`, `movie_id`, `review`, `created_at`, `updated_at`) VALUES (41, 63, 'Molestiae ipsa sapiente molestiae rerum.', '2017-04-16 03:39:41', '2018-12-07 18:04:52');
INSERT INTO `reviews` (`user_id`, `movie_id`, `review`, `created_at`, `updated_at`) VALUES (42, 75, 'Atque provident et amet rerum qui necessitatibus modi quia.', '2016-03-16 20:33:06', '2014-09-11 20:30:57');
INSERT INTO `reviews` (`user_id`, `movie_id`, `review`, `created_at`, `updated_at`) VALUES (42, 95, 'Voluptas quia quibusdam et laboriosam quod labore omnis mollitia.', '2012-10-17 09:32:36', '2018-09-10 08:58:18');
INSERT INTO `reviews` (`user_id`, `movie_id`, `review`, `created_at`, `updated_at`) VALUES (43, 40, 'In voluptatem molestiae consequuntur.', '2015-05-21 09:13:24', '2018-03-02 12:34:18');
INSERT INTO `reviews` (`user_id`, `movie_id`, `review`, `created_at`, `updated_at`) VALUES (44, 49, 'Tempora neque quasi aut quod veniam ducimus explicabo mollitia.', '2015-01-09 06:17:26', '2011-10-19 11:39:39');
INSERT INTO `reviews` (`user_id`, `movie_id`, `review`, `created_at`, `updated_at`) VALUES (45, 26, 'Voluptatum eum eius ea illo rerum ad quae.', '2015-08-17 10:28:18', '2019-04-18 00:57:39');
INSERT INTO `reviews` (`user_id`, `movie_id`, `review`, `created_at`, `updated_at`) VALUES (46, 12, 'Voluptatem alias ducimus natus et ex sit iure.', '2016-02-04 09:06:50', '2013-08-27 18:15:42');
INSERT INTO `reviews` (`user_id`, `movie_id`, `review`, `created_at`, `updated_at`) VALUES (46, 86, 'Dolore et ut pariatur nihil voluptas dolor.', '2017-03-28 08:53:21', '2020-06-08 02:13:40');
INSERT INTO `reviews` (`user_id`, `movie_id`, `review`, `created_at`, `updated_at`) VALUES (47, 44, 'Qui sunt modi et ut.', '2016-08-09 09:25:46', '2017-02-14 21:33:23');
INSERT INTO `reviews` (`user_id`, `movie_id`, `review`, `created_at`, `updated_at`) VALUES (47, 49, 'Totam corporis porro nisi.', '2014-12-05 11:03:12', '2017-07-27 16:02:05');
INSERT INTO `reviews` (`user_id`, `movie_id`, `review`, `created_at`, `updated_at`) VALUES (47, 95, 'Recusandae fuga ut aliquam odit officia nihil.', '2021-01-25 00:50:35', '2012-11-30 18:28:21');
INSERT INTO `reviews` (`user_id`, `movie_id`, `review`, `created_at`, `updated_at`) VALUES (48, 61, 'Quidem neque harum fugiat consequatur soluta.', '2019-05-04 19:19:02', '2017-06-19 07:12:30');
INSERT INTO `reviews` (`user_id`, `movie_id`, `review`, `created_at`, `updated_at`) VALUES (49, 4, 'Et qui qui culpa veniam est.', '2012-01-25 01:45:05', '2014-09-03 05:50:30');
INSERT INTO `reviews` (`user_id`, `movie_id`, `review`, `created_at`, `updated_at`) VALUES (50, 10, 'Deleniti quia voluptates illum aut commodi sapiente.', '2019-11-01 17:09:11', '2016-05-06 03:29:20');
INSERT INTO `reviews` (`user_id`, `movie_id`, `review`, `created_at`, `updated_at`) VALUES (50, 44, 'Facilis perspiciatis deleniti eaque earum.', '2014-06-13 20:05:56', '2017-01-08 02:07:10');
INSERT INTO `reviews` (`user_id`, `movie_id`, `review`, `created_at`, `updated_at`) VALUES (51, 4, 'Beatae beatae corrupti quam quam quis.', '2020-07-27 05:19:12', '2014-06-29 23:54:39');
INSERT INTO `reviews` (`user_id`, `movie_id`, `review`, `created_at`, `updated_at`) VALUES (51, 76, 'Velit sit aliquid tenetur aut.', '2011-11-09 02:06:23', '2011-12-15 17:35:36');
INSERT INTO `reviews` (`user_id`, `movie_id`, `review`, `created_at`, `updated_at`) VALUES (52, 84, 'Debitis ratione corrupti sapiente saepe.', '2018-04-03 12:12:19', '2014-01-23 03:39:52');
INSERT INTO `reviews` (`user_id`, `movie_id`, `review`, `created_at`, `updated_at`) VALUES (52, 91, 'Est tempora nobis quisquam et deserunt soluta facere.', '2011-10-22 19:54:00', '2011-07-16 05:19:52');
INSERT INTO `reviews` (`user_id`, `movie_id`, `review`, `created_at`, `updated_at`) VALUES (54, 40, 'Nulla amet eaque quasi dolore nisi pariatur error.', '2020-11-04 11:31:21', '2019-03-06 23:52:22');
INSERT INTO `reviews` (`user_id`, `movie_id`, `review`, `created_at`, `updated_at`) VALUES (56, 17, 'Laboriosam sunt nostrum atque deserunt cupiditate maiores ea.', '2014-05-12 00:24:22', '2018-11-16 15:16:48');
INSERT INTO `reviews` (`user_id`, `movie_id`, `review`, `created_at`, `updated_at`) VALUES (58, 21, 'Ut asperiores et et vel repudiandae quibusdam quod.', '2017-06-11 18:29:40', '2016-06-14 16:43:36');
INSERT INTO `reviews` (`user_id`, `movie_id`, `review`, `created_at`, `updated_at`) VALUES (59, 17, 'Qui reprehenderit aut maiores distinctio laboriosam.', '2016-04-25 04:27:58', '2016-08-15 13:42:15');
INSERT INTO `reviews` (`user_id`, `movie_id`, `review`, `created_at`, `updated_at`) VALUES (60, 48, 'Nulla quidem enim id et beatae qui.', '2017-09-20 22:00:19', '2016-02-05 11:49:59');
INSERT INTO `reviews` (`user_id`, `movie_id`, `review`, `created_at`, `updated_at`) VALUES (61, 65, 'Laborum dolor iure totam dolorum praesentium.', '2012-08-23 22:22:12', '2017-06-24 15:50:10');
INSERT INTO `reviews` (`user_id`, `movie_id`, `review`, `created_at`, `updated_at`) VALUES (61, 78, 'Nihil sequi sint excepturi perspiciatis maiores inventore.', '2013-04-25 20:23:22', '2014-11-19 01:31:02');
INSERT INTO `reviews` (`user_id`, `movie_id`, `review`, `created_at`, `updated_at`) VALUES (62, 19, 'Error ipsum rerum similique tempora culpa eos.', '2012-10-11 13:19:24', '2014-06-20 10:44:16');
INSERT INTO `reviews` (`user_id`, `movie_id`, `review`, `created_at`, `updated_at`) VALUES (62, 75, 'Ea libero porro autem rerum harum.', '2014-08-30 14:23:25', '2016-03-12 04:29:01');
INSERT INTO `reviews` (`user_id`, `movie_id`, `review`, `created_at`, `updated_at`) VALUES (62, 89, 'Neque nostrum nemo aliquam.', '2013-01-23 19:28:06', '2016-07-17 20:21:03');
INSERT INTO `reviews` (`user_id`, `movie_id`, `review`, `created_at`, `updated_at`) VALUES (63, 61, 'Nihil minima ut doloribus.', '2014-04-14 22:56:37', '2017-11-22 04:48:58');
INSERT INTO `reviews` (`user_id`, `movie_id`, `review`, `created_at`, `updated_at`) VALUES (64, 80, 'Quas esse perspiciatis quasi ipsum error.', '2019-11-15 18:05:56', '2014-10-03 22:43:24');
INSERT INTO `reviews` (`user_id`, `movie_id`, `review`, `created_at`, `updated_at`) VALUES (66, 14, 'Dolor ut molestias qui qui itaque vel.', '2020-06-21 17:26:31', '2016-02-18 21:17:05');
INSERT INTO `reviews` (`user_id`, `movie_id`, `review`, `created_at`, `updated_at`) VALUES (67, 73, 'In a doloribus aut accusantium itaque consequatur perferendis harum.', '2015-06-30 08:40:17', '2016-09-01 13:34:58');
INSERT INTO `reviews` (`user_id`, `movie_id`, `review`, `created_at`, `updated_at`) VALUES (67, 89, 'Et repellendus modi aut laborum nemo.', '2012-07-12 08:34:33', '2020-08-28 11:52:58');
INSERT INTO `reviews` (`user_id`, `movie_id`, `review`, `created_at`, `updated_at`) VALUES (70, 54, 'Ut sit velit sit dolore.', '2018-06-10 02:34:51', '2019-11-08 13:51:15');
INSERT INTO `reviews` (`user_id`, `movie_id`, `review`, `created_at`, `updated_at`) VALUES (70, 58, 'Assumenda illo voluptas ut sequi ea aperiam qui.', '2013-07-09 17:09:20', '2016-07-19 11:36:10');
INSERT INTO `reviews` (`user_id`, `movie_id`, `review`, `created_at`, `updated_at`) VALUES (70, 74, 'Dolore vero enim quasi amet rerum.', '2012-07-13 09:41:17', '2020-08-28 17:41:05');
INSERT INTO `reviews` (`user_id`, `movie_id`, `review`, `created_at`, `updated_at`) VALUES (70, 77, 'Asperiores magni ratione exercitationem fugiat ut.', '2021-06-01 10:10:02', '2017-08-18 22:46:55');
INSERT INTO `reviews` (`user_id`, `movie_id`, `review`, `created_at`, `updated_at`) VALUES (70, 80, 'Dolor nesciunt excepturi odit sed cumque maxime.', '2017-10-01 21:29:43', '2012-04-01 01:33:33');
INSERT INTO `reviews` (`user_id`, `movie_id`, `review`, `created_at`, `updated_at`) VALUES (71, 18, 'Architecto non aperiam delectus repellendus laborum praesentium.', '2019-08-01 14:34:23', '2013-02-20 06:19:35');
INSERT INTO `reviews` (`user_id`, `movie_id`, `review`, `created_at`, `updated_at`) VALUES (74, 1, 'Qui et autem nihil vitae ex.', '2016-12-17 07:13:36', '2013-10-17 06:05:04');
INSERT INTO `reviews` (`user_id`, `movie_id`, `review`, `created_at`, `updated_at`) VALUES (75, 21, 'Quia aspernatur corrupti et rerum sit perspiciatis.', '2013-11-18 20:34:13', '2011-12-18 10:29:21');
INSERT INTO `reviews` (`user_id`, `movie_id`, `review`, `created_at`, `updated_at`) VALUES (77, 19, 'Reiciendis ut sunt dolorum numquam possimus.', '2018-01-16 06:30:24', '2015-05-08 22:40:52');
INSERT INTO `reviews` (`user_id`, `movie_id`, `review`, `created_at`, `updated_at`) VALUES (81, 5, 'Quo quasi inventore inventore inventore placeat qui vitae corporis.', '2016-10-22 09:54:19', '2014-06-07 07:59:01');
INSERT INTO `reviews` (`user_id`, `movie_id`, `review`, `created_at`, `updated_at`) VALUES (84, 30, 'Harum et quis quibusdam sit consectetur fugiat.', '2020-08-03 17:30:16', '2012-08-22 16:36:43');
INSERT INTO `reviews` (`user_id`, `movie_id`, `review`, `created_at`, `updated_at`) VALUES (85, 72, 'Occaecati ullam qui rerum alias similique dolorem nesciunt.', '2011-07-16 04:48:35', '2018-10-10 21:26:04');
INSERT INTO `reviews` (`user_id`, `movie_id`, `review`, `created_at`, `updated_at`) VALUES (85, 76, 'Consequatur nihil molestias reprehenderit odio reiciendis non debitis ullam.', '2012-04-20 03:01:55', '2018-03-16 00:31:52');
INSERT INTO `reviews` (`user_id`, `movie_id`, `review`, `created_at`, `updated_at`) VALUES (85, 83, 'Et libero qui error quibusdam alias et quia.', '2011-12-08 17:18:41', '2021-05-27 20:27:57');
INSERT INTO `reviews` (`user_id`, `movie_id`, `review`, `created_at`, `updated_at`) VALUES (86, 59, 'Animi est nisi inventore est delectus.', '2017-01-10 15:42:06', '2018-06-28 17:15:42');
INSERT INTO `reviews` (`user_id`, `movie_id`, `review`, `created_at`, `updated_at`) VALUES (87, 7, 'Consequatur optio voluptate laboriosam repudiandae.', '2020-01-07 08:05:32', '2016-10-29 05:00:23');
INSERT INTO `reviews` (`user_id`, `movie_id`, `review`, `created_at`, `updated_at`) VALUES (87, 46, 'Pariatur dicta dolorum eaque eaque enim minus.', '2017-06-12 00:32:13', '2013-09-27 01:01:44');
INSERT INTO `reviews` (`user_id`, `movie_id`, `review`, `created_at`, `updated_at`) VALUES (88, 3, 'Numquam enim quas tenetur tempore dolores quia expedita accusantium.', '2016-01-12 06:37:27', '2012-07-09 12:22:49');
INSERT INTO `reviews` (`user_id`, `movie_id`, `review`, `created_at`, `updated_at`) VALUES (90, 20, 'Eveniet accusamus reprehenderit voluptatem excepturi ducimus saepe ab.', '2014-05-12 16:47:53', '2012-08-31 07:06:45');
INSERT INTO `reviews` (`user_id`, `movie_id`, `review`, `created_at`, `updated_at`) VALUES (90, 70, 'Omnis excepturi et omnis qui et.', '2012-06-06 17:00:43', '2018-10-28 01:24:40');
INSERT INTO `reviews` (`user_id`, `movie_id`, `review`, `created_at`, `updated_at`) VALUES (91, 13, 'Quod aut et voluptatibus aliquam et esse dolorem omnis.', '2015-07-15 17:04:48', '2016-11-04 03:48:19');
INSERT INTO `reviews` (`user_id`, `movie_id`, `review`, `created_at`, `updated_at`) VALUES (92, 52, 'Autem dolorem rerum velit qui eveniet sint in.', '2016-07-07 19:58:17', '2015-05-06 04:01:38');
INSERT INTO `reviews` (`user_id`, `movie_id`, `review`, `created_at`, `updated_at`) VALUES (92, 78, 'Omnis cumque qui unde.', '2018-09-06 21:55:50', '2015-07-04 15:34:08');
INSERT INTO `reviews` (`user_id`, `movie_id`, `review`, `created_at`, `updated_at`) VALUES (94, 68, 'Est voluptate nisi id non et.', '2020-05-15 16:43:10', '2019-12-03 04:54:50');
INSERT INTO `reviews` (`user_id`, `movie_id`, `review`, `created_at`, `updated_at`) VALUES (94, 88, 'Non impedit velit unde recusandae.', '2019-03-04 06:57:29', '2011-11-17 16:19:58');
INSERT INTO `reviews` (`user_id`, `movie_id`, `review`, `created_at`, `updated_at`) VALUES (95, 33, 'Quos sint vero adipisci aut voluptatem.', '2017-04-03 22:22:23', '2017-12-07 09:35:00');
INSERT INTO `reviews` (`user_id`, `movie_id`, `review`, `created_at`, `updated_at`) VALUES (95, 34, 'Est facere odio perspiciatis dolor doloribus.', '2018-04-04 09:59:48', '2016-12-18 16:55:10');

#
# TABLE STRUCTURE FOR: scores
#

INSERT INTO `scores` (`user_id`, `movie_id`, `score`, `created_at`, `updated_at`) VALUES (1, 25, 2, '2013-06-16 06:53:01', '2017-06-21 05:39:36');
INSERT INTO `scores` (`user_id`, `movie_id`, `score`, `created_at`, `updated_at`) VALUES (1, 44, 4, '2013-02-12 06:59:36', '2018-11-19 21:41:15');
INSERT INTO `scores` (`user_id`, `movie_id`, `score`, `created_at`, `updated_at`) VALUES (1, 65, 1, '2012-02-09 23:21:35', '2021-02-19 05:41:10');
INSERT INTO `scores` (`user_id`, `movie_id`, `score`, `created_at`, `updated_at`) VALUES (1, 87, 9, '2021-02-19 10:27:49', '2013-05-08 13:13:33');
INSERT INTO `scores` (`user_id`, `movie_id`, `score`, `created_at`, `updated_at`) VALUES (2, 74, 1, '2014-03-30 09:52:32', '2016-08-22 04:21:34');
INSERT INTO `scores` (`user_id`, `movie_id`, `score`, `created_at`, `updated_at`) VALUES (6, 5, 5, '2015-03-30 23:59:51', '2016-09-02 02:28:30');
INSERT INTO `scores` (`user_id`, `movie_id`, `score`, `created_at`, `updated_at`) VALUES (8, 90, 6, '2019-05-13 22:47:11', '2017-10-24 21:06:55');
INSERT INTO `scores` (`user_id`, `movie_id`, `score`, `created_at`, `updated_at`) VALUES (9, 57, 6, '2011-11-12 23:54:41', '2015-07-29 06:41:48');
INSERT INTO `scores` (`user_id`, `movie_id`, `score`, `created_at`, `updated_at`) VALUES (12, 20, 3, '2014-12-18 21:11:06', '2019-06-25 18:54:00');
INSERT INTO `scores` (`user_id`, `movie_id`, `score`, `created_at`, `updated_at`) VALUES (13, 14, 4, '2019-01-07 20:11:00', '2014-04-05 19:03:10');
INSERT INTO `scores` (`user_id`, `movie_id`, `score`, `created_at`, `updated_at`) VALUES (14, 94, 3, '2012-07-03 09:19:45', '2016-03-30 15:47:51');
INSERT INTO `scores` (`user_id`, `movie_id`, `score`, `created_at`, `updated_at`) VALUES (15, 7, 1, '2012-12-20 03:23:43', '2021-07-04 22:08:26');
INSERT INTO `scores` (`user_id`, `movie_id`, `score`, `created_at`, `updated_at`) VALUES (17, 71, 4, '2017-05-28 18:01:58', '2013-09-08 03:25:54');
INSERT INTO `scores` (`user_id`, `movie_id`, `score`, `created_at`, `updated_at`) VALUES (19, 4, 3, '2019-06-08 19:47:25', '2019-09-10 22:36:14');
INSERT INTO `scores` (`user_id`, `movie_id`, `score`, `created_at`, `updated_at`) VALUES (19, 46, 2, '2017-09-10 16:08:23', '2016-06-20 14:58:15');
INSERT INTO `scores` (`user_id`, `movie_id`, `score`, `created_at`, `updated_at`) VALUES (19, 68, 4, '2020-12-07 18:04:25', '2018-08-20 16:32:51');
INSERT INTO `scores` (`user_id`, `movie_id`, `score`, `created_at`, `updated_at`) VALUES (20, 88, 10, '2019-10-08 07:42:28', '2015-02-08 10:09:47');
INSERT INTO `scores` (`user_id`, `movie_id`, `score`, `created_at`, `updated_at`) VALUES (22, 19, 5, '2016-09-03 16:07:31', '2017-10-11 23:17:13');
INSERT INTO `scores` (`user_id`, `movie_id`, `score`, `created_at`, `updated_at`) VALUES (22, 95, 6, '2013-08-11 09:19:48', '2018-06-18 16:08:25');
INSERT INTO `scores` (`user_id`, `movie_id`, `score`, `created_at`, `updated_at`) VALUES (23, 78, 7, '2020-02-02 13:47:03', '2018-12-26 16:40:10');
INSERT INTO `scores` (`user_id`, `movie_id`, `score`, `created_at`, `updated_at`) VALUES (24, 9, 10, '2016-01-08 15:13:30', '2019-06-01 21:42:59');
INSERT INTO `scores` (`user_id`, `movie_id`, `score`, `created_at`, `updated_at`) VALUES (24, 58, 8, '2015-08-07 01:05:10', '2014-01-17 08:37:18');
INSERT INTO `scores` (`user_id`, `movie_id`, `score`, `created_at`, `updated_at`) VALUES (29, 14, 4, '2016-12-21 13:37:53', '2016-03-16 20:52:44');
INSERT INTO `scores` (`user_id`, `movie_id`, `score`, `created_at`, `updated_at`) VALUES (30, 41, 6, '2019-03-26 08:02:42', '2018-06-26 18:49:09');
INSERT INTO `scores` (`user_id`, `movie_id`, `score`, `created_at`, `updated_at`) VALUES (31, 25, 2, '2018-12-17 17:19:20', '2014-07-13 14:07:53');
INSERT INTO `scores` (`user_id`, `movie_id`, `score`, `created_at`, `updated_at`) VALUES (31, 72, 2, '2016-05-13 10:24:00', '2019-09-20 23:25:10');
INSERT INTO `scores` (`user_id`, `movie_id`, `score`, `created_at`, `updated_at`) VALUES (33, 13, 8, '2021-03-15 19:19:04', '2012-07-01 17:38:11');
INSERT INTO `scores` (`user_id`, `movie_id`, `score`, `created_at`, `updated_at`) VALUES (33, 31, 1, '2013-11-25 09:00:54', '2019-05-29 04:10:27');
INSERT INTO `scores` (`user_id`, `movie_id`, `score`, `created_at`, `updated_at`) VALUES (35, 40, 8, '2020-08-09 12:38:05', '2014-06-13 06:44:24');
INSERT INTO `scores` (`user_id`, `movie_id`, `score`, `created_at`, `updated_at`) VALUES (36, 66, 9, '2016-01-03 22:17:29', '2018-08-04 07:59:07');
INSERT INTO `scores` (`user_id`, `movie_id`, `score`, `created_at`, `updated_at`) VALUES (36, 92, 5, '2012-09-15 01:22:50', '2014-07-14 09:41:29');
INSERT INTO `scores` (`user_id`, `movie_id`, `score`, `created_at`, `updated_at`) VALUES (37, 5, 4, '2011-10-07 21:20:12', '2019-04-08 12:25:43');
INSERT INTO `scores` (`user_id`, `movie_id`, `score`, `created_at`, `updated_at`) VALUES (38, 81, 2, '2021-04-13 06:10:12', '2021-06-08 15:41:35');
INSERT INTO `scores` (`user_id`, `movie_id`, `score`, `created_at`, `updated_at`) VALUES (39, 11, 4, '2018-02-09 11:27:09', '2017-02-18 21:34:21');
INSERT INTO `scores` (`user_id`, `movie_id`, `score`, `created_at`, `updated_at`) VALUES (40, 4, 2, '2014-01-16 03:09:57', '2020-03-03 12:26:57');
INSERT INTO `scores` (`user_id`, `movie_id`, `score`, `created_at`, `updated_at`) VALUES (40, 47, 10, '2015-02-22 09:05:32', '2017-06-27 05:54:54');
INSERT INTO `scores` (`user_id`, `movie_id`, `score`, `created_at`, `updated_at`) VALUES (42, 14, 10, '2017-12-05 01:49:43', '2016-04-30 15:12:32');
INSERT INTO `scores` (`user_id`, `movie_id`, `score`, `created_at`, `updated_at`) VALUES (43, 51, 1, '2012-08-28 10:44:57', '2013-07-20 09:26:33');
INSERT INTO `scores` (`user_id`, `movie_id`, `score`, `created_at`, `updated_at`) VALUES (44, 42, 9, '2018-05-12 09:49:16', '2018-12-31 23:00:02');
INSERT INTO `scores` (`user_id`, `movie_id`, `score`, `created_at`, `updated_at`) VALUES (45, 54, 6, '2021-02-18 07:35:48', '2016-09-29 03:52:50');
INSERT INTO `scores` (`user_id`, `movie_id`, `score`, `created_at`, `updated_at`) VALUES (45, 66, 7, '2020-03-29 16:24:29', '2016-02-23 01:59:54');
INSERT INTO `scores` (`user_id`, `movie_id`, `score`, `created_at`, `updated_at`) VALUES (46, 69, 1, '2017-01-27 18:12:53', '2020-07-22 05:59:18');
INSERT INTO `scores` (`user_id`, `movie_id`, `score`, `created_at`, `updated_at`) VALUES (46, 78, 7, '2015-07-24 15:23:22', '2015-09-14 00:19:44');
INSERT INTO `scores` (`user_id`, `movie_id`, `score`, `created_at`, `updated_at`) VALUES (48, 60, 8, '2012-02-13 06:05:19', '2014-10-16 15:57:40');
INSERT INTO `scores` (`user_id`, `movie_id`, `score`, `created_at`, `updated_at`) VALUES (50, 26, 9, '2021-02-10 08:04:02', '2020-11-17 20:25:50');
INSERT INTO `scores` (`user_id`, `movie_id`, `score`, `created_at`, `updated_at`) VALUES (50, 42, 4, '2014-02-19 12:07:38', '2019-04-16 16:44:18');
INSERT INTO `scores` (`user_id`, `movie_id`, `score`, `created_at`, `updated_at`) VALUES (51, 63, 2, '2011-12-19 20:32:44', '2018-02-05 15:29:18');
INSERT INTO `scores` (`user_id`, `movie_id`, `score`, `created_at`, `updated_at`) VALUES (51, 80, 1, '2017-03-24 09:55:06', '2016-11-12 04:02:44');
INSERT INTO `scores` (`user_id`, `movie_id`, `score`, `created_at`, `updated_at`) VALUES (52, 63, 6, '2018-03-27 08:12:23', '2013-09-21 16:57:27');
INSERT INTO `scores` (`user_id`, `movie_id`, `score`, `created_at`, `updated_at`) VALUES (53, 52, 9, '2019-10-26 08:54:16', '2017-09-18 20:26:04');
INSERT INTO `scores` (`user_id`, `movie_id`, `score`, `created_at`, `updated_at`) VALUES (54, 59, 10, '2021-05-04 09:36:13', '2015-12-10 00:10:46');
INSERT INTO `scores` (`user_id`, `movie_id`, `score`, `created_at`, `updated_at`) VALUES (55, 10, 1, '2013-09-05 20:39:22', '2012-10-12 14:14:48');
INSERT INTO `scores` (`user_id`, `movie_id`, `score`, `created_at`, `updated_at`) VALUES (57, 51, 5, '2018-10-19 19:36:51', '2019-04-12 16:31:03');
INSERT INTO `scores` (`user_id`, `movie_id`, `score`, `created_at`, `updated_at`) VALUES (57, 84, 6, '2012-02-21 06:03:10', '2019-08-10 11:37:53');
INSERT INTO `scores` (`user_id`, `movie_id`, `score`, `created_at`, `updated_at`) VALUES (57, 89, 4, '2014-01-16 23:03:34', '2017-06-16 05:47:18');
INSERT INTO `scores` (`user_id`, `movie_id`, `score`, `created_at`, `updated_at`) VALUES (58, 42, 6, '2016-09-15 07:10:37', '2012-11-20 16:35:40');
INSERT INTO `scores` (`user_id`, `movie_id`, `score`, `created_at`, `updated_at`) VALUES (59, 61, 3, '2017-02-19 19:33:13', '2015-08-31 03:29:22');
INSERT INTO `scores` (`user_id`, `movie_id`, `score`, `created_at`, `updated_at`) VALUES (60, 12, 2, '2011-08-04 00:42:08', '2020-11-17 14:33:05');
INSERT INTO `scores` (`user_id`, `movie_id`, `score`, `created_at`, `updated_at`) VALUES (60, 38, 9, '2014-02-06 20:38:24', '2017-12-29 09:38:54');
INSERT INTO `scores` (`user_id`, `movie_id`, `score`, `created_at`, `updated_at`) VALUES (62, 16, 9, '2020-09-14 03:32:41', '2011-07-11 22:34:01');
INSERT INTO `scores` (`user_id`, `movie_id`, `score`, `created_at`, `updated_at`) VALUES (62, 44, 6, '2017-02-21 10:03:42', '2020-05-31 08:02:53');
INSERT INTO `scores` (`user_id`, `movie_id`, `score`, `created_at`, `updated_at`) VALUES (64, 72, 2, '2017-08-22 21:19:09', '2012-10-29 13:29:40');
INSERT INTO `scores` (`user_id`, `movie_id`, `score`, `created_at`, `updated_at`) VALUES (64, 83, 2, '2019-01-06 15:36:41', '2014-02-03 03:31:37');
INSERT INTO `scores` (`user_id`, `movie_id`, `score`, `created_at`, `updated_at`) VALUES (65, 67, 1, '2021-05-22 17:02:04', '2012-10-06 14:13:54');
INSERT INTO `scores` (`user_id`, `movie_id`, `score`, `created_at`, `updated_at`) VALUES (65, 89, 6, '2013-10-03 05:56:06', '2018-10-29 05:51:18');
INSERT INTO `scores` (`user_id`, `movie_id`, `score`, `created_at`, `updated_at`) VALUES (66, 38, 7, '2019-07-03 10:48:28', '2015-02-22 04:22:15');
INSERT INTO `scores` (`user_id`, `movie_id`, `score`, `created_at`, `updated_at`) VALUES (67, 17, 8, '2020-06-29 06:05:21', '2021-06-02 16:52:04');
INSERT INTO `scores` (`user_id`, `movie_id`, `score`, `created_at`, `updated_at`) VALUES (67, 44, 1, '2019-03-26 11:02:23', '2017-02-10 05:00:16');
INSERT INTO `scores` (`user_id`, `movie_id`, `score`, `created_at`, `updated_at`) VALUES (67, 86, 9, '2020-09-24 04:04:48', '2014-05-08 21:49:34');
INSERT INTO `scores` (`user_id`, `movie_id`, `score`, `created_at`, `updated_at`) VALUES (69, 83, 6, '2018-06-12 00:41:52', '2014-02-18 20:31:47');
INSERT INTO `scores` (`user_id`, `movie_id`, `score`, `created_at`, `updated_at`) VALUES (69, 87, 8, '2017-05-13 11:34:17', '2012-03-16 08:35:53');
INSERT INTO `scores` (`user_id`, `movie_id`, `score`, `created_at`, `updated_at`) VALUES (70, 39, 4, '2017-11-23 03:00:45', '2014-09-10 23:22:58');
INSERT INTO `scores` (`user_id`, `movie_id`, `score`, `created_at`, `updated_at`) VALUES (70, 68, 3, '2018-02-25 22:15:59', '2021-02-10 17:29:39');
INSERT INTO `scores` (`user_id`, `movie_id`, `score`, `created_at`, `updated_at`) VALUES (74, 33, 3, '2020-11-01 10:40:49', '2019-05-02 10:13:09');
INSERT INTO `scores` (`user_id`, `movie_id`, `score`, `created_at`, `updated_at`) VALUES (77, 17, 4, '2020-03-14 04:44:24', '2011-09-19 07:31:01');
INSERT INTO `scores` (`user_id`, `movie_id`, `score`, `created_at`, `updated_at`) VALUES (77, 23, 7, '2014-01-24 11:47:20', '2014-11-04 18:24:59');
INSERT INTO `scores` (`user_id`, `movie_id`, `score`, `created_at`, `updated_at`) VALUES (77, 73, 9, '2019-07-07 17:34:05', '2016-12-02 09:17:58');
INSERT INTO `scores` (`user_id`, `movie_id`, `score`, `created_at`, `updated_at`) VALUES (78, 95, 9, '2013-07-31 05:37:56', '2018-08-15 07:04:47');
INSERT INTO `scores` (`user_id`, `movie_id`, `score`, `created_at`, `updated_at`) VALUES (82, 19, 6, '2020-07-29 12:42:49', '2014-12-29 08:28:50');
INSERT INTO `scores` (`user_id`, `movie_id`, `score`, `created_at`, `updated_at`) VALUES (82, 65, 2, '2018-10-05 00:33:49', '2021-06-05 04:06:05');
INSERT INTO `scores` (`user_id`, `movie_id`, `score`, `created_at`, `updated_at`) VALUES (82, 67, 9, '2013-08-18 07:36:33', '2016-05-07 03:19:47');
INSERT INTO `scores` (`user_id`, `movie_id`, `score`, `created_at`, `updated_at`) VALUES (83, 39, 5, '2014-01-08 06:51:31', '2015-05-04 16:45:18');
INSERT INTO `scores` (`user_id`, `movie_id`, `score`, `created_at`, `updated_at`) VALUES (83, 59, 9, '2018-01-14 19:49:11', '2020-08-09 18:45:09');
INSERT INTO `scores` (`user_id`, `movie_id`, `score`, `created_at`, `updated_at`) VALUES (83, 81, 10, '2014-12-20 20:30:26', '2012-04-12 14:20:24');
INSERT INTO `scores` (`user_id`, `movie_id`, `score`, `created_at`, `updated_at`) VALUES (85, 74, 4, '2016-12-28 21:03:20', '2018-11-01 04:27:57');
INSERT INTO `scores` (`user_id`, `movie_id`, `score`, `created_at`, `updated_at`) VALUES (87, 93, 10, '2018-09-24 20:13:28', '2019-08-10 04:07:11');
INSERT INTO `scores` (`user_id`, `movie_id`, `score`, `created_at`, `updated_at`) VALUES (88, 11, 9, '2011-09-29 22:06:40', '2016-10-01 03:06:39');
INSERT INTO `scores` (`user_id`, `movie_id`, `score`, `created_at`, `updated_at`) VALUES (88, 57, 4, '2012-06-12 08:40:16', '2013-06-08 19:41:13');
INSERT INTO `scores` (`user_id`, `movie_id`, `score`, `created_at`, `updated_at`) VALUES (92, 21, 1, '2021-01-12 03:18:08', '2019-10-18 16:21:07');
INSERT INTO `scores` (`user_id`, `movie_id`, `score`, `created_at`, `updated_at`) VALUES (94, 18, 6, '2014-01-01 18:23:46', '2016-04-23 19:59:26');
INSERT INTO `scores` (`user_id`, `movie_id`, `score`, `created_at`, `updated_at`) VALUES (94, 36, 9, '2015-12-01 20:17:55', '2021-06-26 13:23:29');
INSERT INTO `scores` (`user_id`, `movie_id`, `score`, `created_at`, `updated_at`) VALUES (94, 56, 5, '2017-04-25 03:21:31', '2012-12-04 07:09:27');
INSERT INTO `scores` (`user_id`, `movie_id`, `score`, `created_at`, `updated_at`) VALUES (96, 1, 1, '2016-12-08 21:16:23', '2016-06-18 19:37:30');
INSERT INTO `scores` (`user_id`, `movie_id`, `score`, `created_at`, `updated_at`) VALUES (96, 35, 1, '2012-06-02 03:33:31', '2011-12-21 03:43:46');
INSERT INTO `scores` (`user_id`, `movie_id`, `score`, `created_at`, `updated_at`) VALUES (96, 45, 8, '2019-07-06 15:14:02', '2016-07-19 17:06:39');
INSERT INTO `scores` (`user_id`, `movie_id`, `score`, `created_at`, `updated_at`) VALUES (98, 26, 6, '2014-07-21 00:35:14', '2013-10-06 19:39:55');
INSERT INTO `scores` (`user_id`, `movie_id`, `score`, `created_at`, `updated_at`) VALUES (98, 46, 2, '2013-04-19 23:33:56', '2012-08-04 10:23:09');
INSERT INTO `scores` (`user_id`, `movie_id`, `score`, `created_at`, `updated_at`) VALUES (98, 54, 8, '2017-01-07 00:02:08', '2015-07-19 02:13:09');
INSERT INTO `scores` (`user_id`, `movie_id`, `score`, `created_at`, `updated_at`) VALUES (99, 33, 3, '2018-11-11 06:08:08', '2013-09-14 13:20:02');
INSERT INTO `scores` (`user_id`, `movie_id`, `score`, `created_at`, `updated_at`) VALUES (99, 76, 4, '2021-06-19 18:46:08', '2019-01-10 15:59:51');

#
# TABLE STRUCTURE FOR: user_marks
#

INSERT INTO `user_marks` (`user_id`, `movie_id`, `mark_type_id`, `created_at`, `updated_at`) VALUES (3, 72, 2, '2017-03-08 11:00:48', '2017-03-19 11:00:47');
INSERT INTO `user_marks` (`user_id`, `movie_id`, `mark_type_id`, `created_at`, `updated_at`) VALUES (3, 94, 1, '2016-06-25 02:02:53', '2013-06-02 17:42:02');
INSERT INTO `user_marks` (`user_id`, `movie_id`, `mark_type_id`, `created_at`, `updated_at`) VALUES (4, 47, 2, '2014-04-22 20:03:43', '2020-11-05 01:00:16');
INSERT INTO `user_marks` (`user_id`, `movie_id`, `mark_type_id`, `created_at`, `updated_at`) VALUES (5, 46, 1, '2016-07-28 03:49:09', '2016-01-24 16:47:11');
INSERT INTO `user_marks` (`user_id`, `movie_id`, `mark_type_id`, `created_at`, `updated_at`) VALUES (6, 52, 3, '2012-11-11 11:27:52', '2015-05-16 15:58:26');
INSERT INTO `user_marks` (`user_id`, `movie_id`, `mark_type_id`, `created_at`, `updated_at`) VALUES (9, 19, 2, '2015-05-22 13:30:35', '2018-02-27 08:21:51');
INSERT INTO `user_marks` (`user_id`, `movie_id`, `mark_type_id`, `created_at`, `updated_at`) VALUES (11, 57, 2, '2011-08-12 13:33:57', '2013-06-13 04:16:15');
INSERT INTO `user_marks` (`user_id`, `movie_id`, `mark_type_id`, `created_at`, `updated_at`) VALUES (12, 55, 2, '2014-10-23 04:28:33', '2020-01-07 17:21:12');
INSERT INTO `user_marks` (`user_id`, `movie_id`, `mark_type_id`, `created_at`, `updated_at`) VALUES (14, 24, 1, '2015-04-14 00:53:03', '2016-07-31 03:42:25');
INSERT INTO `user_marks` (`user_id`, `movie_id`, `mark_type_id`, `created_at`, `updated_at`) VALUES (14, 27, 3, '2013-04-18 22:06:00', '2012-08-18 17:46:45');
INSERT INTO `user_marks` (`user_id`, `movie_id`, `mark_type_id`, `created_at`, `updated_at`) VALUES (15, 90, 2, '2017-02-18 07:59:31', '2015-05-23 18:40:22');
INSERT INTO `user_marks` (`user_id`, `movie_id`, `mark_type_id`, `created_at`, `updated_at`) VALUES (16, 30, 1, '2018-05-12 19:39:53', '2015-07-16 04:18:42');
INSERT INTO `user_marks` (`user_id`, `movie_id`, `mark_type_id`, `created_at`, `updated_at`) VALUES (16, 52, 3, '2018-01-22 09:11:12', '2020-03-01 19:13:18');
INSERT INTO `user_marks` (`user_id`, `movie_id`, `mark_type_id`, `created_at`, `updated_at`) VALUES (19, 45, 3, '2016-06-04 20:29:50', '2016-01-02 18:01:28');
INSERT INTO `user_marks` (`user_id`, `movie_id`, `mark_type_id`, `created_at`, `updated_at`) VALUES (19, 53, 3, '2021-04-08 07:22:26', '2013-11-13 05:07:59');
INSERT INTO `user_marks` (`user_id`, `movie_id`, `mark_type_id`, `created_at`, `updated_at`) VALUES (19, 63, 1, '2019-06-16 20:21:34', '2019-04-21 13:57:54');
INSERT INTO `user_marks` (`user_id`, `movie_id`, `mark_type_id`, `created_at`, `updated_at`) VALUES (19, 72, 2, '2018-01-07 12:14:35', '2019-10-31 19:44:20');
INSERT INTO `user_marks` (`user_id`, `movie_id`, `mark_type_id`, `created_at`, `updated_at`) VALUES (20, 14, 1, '2016-03-19 15:17:24', '2017-01-30 18:38:33');
INSERT INTO `user_marks` (`user_id`, `movie_id`, `mark_type_id`, `created_at`, `updated_at`) VALUES (22, 32, 1, '2017-11-26 08:04:42', '2014-05-30 05:31:07');
INSERT INTO `user_marks` (`user_id`, `movie_id`, `mark_type_id`, `created_at`, `updated_at`) VALUES (22, 34, 2, '2018-03-05 09:28:10', '2012-03-10 15:58:26');
INSERT INTO `user_marks` (`user_id`, `movie_id`, `mark_type_id`, `created_at`, `updated_at`) VALUES (22, 37, 2, '2020-06-01 05:59:11', '2017-01-23 07:07:59');
INSERT INTO `user_marks` (`user_id`, `movie_id`, `mark_type_id`, `created_at`, `updated_at`) VALUES (22, 62, 1, '2014-09-26 06:39:46', '2017-02-23 19:11:03');
INSERT INTO `user_marks` (`user_id`, `movie_id`, `mark_type_id`, `created_at`, `updated_at`) VALUES (23, 64, 2, '2012-11-12 16:46:37', '2017-10-21 22:47:08');
INSERT INTO `user_marks` (`user_id`, `movie_id`, `mark_type_id`, `created_at`, `updated_at`) VALUES (26, 53, 3, '2018-09-22 05:50:04', '2019-10-14 06:28:11');
INSERT INTO `user_marks` (`user_id`, `movie_id`, `mark_type_id`, `created_at`, `updated_at`) VALUES (27, 27, 3, '2015-07-20 01:20:49', '2012-07-27 17:43:21');
INSERT INTO `user_marks` (`user_id`, `movie_id`, `mark_type_id`, `created_at`, `updated_at`) VALUES (27, 45, 1, '2016-06-11 23:01:08', '2012-02-26 22:24:45');
INSERT INTO `user_marks` (`user_id`, `movie_id`, `mark_type_id`, `created_at`, `updated_at`) VALUES (27, 78, 3, '2016-07-08 03:32:21', '2015-05-26 16:14:15');
INSERT INTO `user_marks` (`user_id`, `movie_id`, `mark_type_id`, `created_at`, `updated_at`) VALUES (28, 5, 3, '2014-11-10 15:53:23', '2015-08-22 08:31:56');
INSERT INTO `user_marks` (`user_id`, `movie_id`, `mark_type_id`, `created_at`, `updated_at`) VALUES (29, 51, 2, '2020-04-04 12:55:55', '2017-06-28 21:47:07');
INSERT INTO `user_marks` (`user_id`, `movie_id`, `mark_type_id`, `created_at`, `updated_at`) VALUES (29, 84, 1, '2020-01-02 15:04:09', '2011-08-27 12:58:57');
INSERT INTO `user_marks` (`user_id`, `movie_id`, `mark_type_id`, `created_at`, `updated_at`) VALUES (32, 55, 3, '2020-08-27 12:02:48', '2012-03-15 04:30:45');
INSERT INTO `user_marks` (`user_id`, `movie_id`, `mark_type_id`, `created_at`, `updated_at`) VALUES (33, 82, 2, '2014-03-29 01:07:30', '2016-01-25 16:23:15');
INSERT INTO `user_marks` (`user_id`, `movie_id`, `mark_type_id`, `created_at`, `updated_at`) VALUES (34, 13, 3, '2012-03-25 14:24:08', '2016-05-24 13:39:19');
INSERT INTO `user_marks` (`user_id`, `movie_id`, `mark_type_id`, `created_at`, `updated_at`) VALUES (34, 39, 1, '2015-01-18 12:19:49', '2018-07-04 05:43:55');
INSERT INTO `user_marks` (`user_id`, `movie_id`, `mark_type_id`, `created_at`, `updated_at`) VALUES (37, 12, 3, '2020-05-01 23:10:05', '2019-11-30 11:31:49');
INSERT INTO `user_marks` (`user_id`, `movie_id`, `mark_type_id`, `created_at`, `updated_at`) VALUES (39, 50, 1, '2017-07-17 10:22:50', '2017-11-28 22:29:44');
INSERT INTO `user_marks` (`user_id`, `movie_id`, `mark_type_id`, `created_at`, `updated_at`) VALUES (40, 24, 2, '2016-01-10 03:03:35', '2018-02-14 06:20:13');
INSERT INTO `user_marks` (`user_id`, `movie_id`, `mark_type_id`, `created_at`, `updated_at`) VALUES (41, 60, 2, '2015-05-17 18:00:29', '2015-01-16 13:12:28');
INSERT INTO `user_marks` (`user_id`, `movie_id`, `mark_type_id`, `created_at`, `updated_at`) VALUES (42, 38, 2, '2016-12-09 14:00:54', '2015-10-06 23:14:14');
INSERT INTO `user_marks` (`user_id`, `movie_id`, `mark_type_id`, `created_at`, `updated_at`) VALUES (43, 9, 1, '2012-03-25 00:27:38', '2012-07-24 16:47:07');
INSERT INTO `user_marks` (`user_id`, `movie_id`, `mark_type_id`, `created_at`, `updated_at`) VALUES (43, 57, 1, '2017-12-12 04:24:11', '2016-08-19 13:00:59');
INSERT INTO `user_marks` (`user_id`, `movie_id`, `mark_type_id`, `created_at`, `updated_at`) VALUES (44, 52, 3, '2013-09-28 03:41:12', '2020-11-14 03:13:00');
INSERT INTO `user_marks` (`user_id`, `movie_id`, `mark_type_id`, `created_at`, `updated_at`) VALUES (44, 53, 1, '2021-02-01 07:46:56', '2013-04-26 11:08:05');
INSERT INTO `user_marks` (`user_id`, `movie_id`, `mark_type_id`, `created_at`, `updated_at`) VALUES (45, 95, 3, '2013-02-10 23:24:21', '2012-02-24 21:13:33');
INSERT INTO `user_marks` (`user_id`, `movie_id`, `mark_type_id`, `created_at`, `updated_at`) VALUES (46, 81, 3, '2017-07-18 05:01:42', '2013-08-31 11:16:41');
INSERT INTO `user_marks` (`user_id`, `movie_id`, `mark_type_id`, `created_at`, `updated_at`) VALUES (47, 72, 1, '2011-08-19 19:09:57', '2013-10-04 16:59:02');
INSERT INTO `user_marks` (`user_id`, `movie_id`, `mark_type_id`, `created_at`, `updated_at`) VALUES (47, 87, 3, '2016-07-17 23:15:10', '2020-02-01 14:29:23');
INSERT INTO `user_marks` (`user_id`, `movie_id`, `mark_type_id`, `created_at`, `updated_at`) VALUES (48, 81, 2, '2014-01-05 12:00:43', '2013-11-22 22:51:23');
INSERT INTO `user_marks` (`user_id`, `movie_id`, `mark_type_id`, `created_at`, `updated_at`) VALUES (48, 89, 1, '2016-02-16 07:06:31', '2021-01-15 18:38:37');
INSERT INTO `user_marks` (`user_id`, `movie_id`, `mark_type_id`, `created_at`, `updated_at`) VALUES (50, 48, 1, '2012-11-22 08:43:44', '2017-02-10 10:41:12');
INSERT INTO `user_marks` (`user_id`, `movie_id`, `mark_type_id`, `created_at`, `updated_at`) VALUES (52, 66, 3, '2020-06-03 11:14:26', '2013-03-04 01:24:37');
INSERT INTO `user_marks` (`user_id`, `movie_id`, `mark_type_id`, `created_at`, `updated_at`) VALUES (53, 30, 3, '2018-09-23 02:11:46', '2016-10-13 16:14:05');
INSERT INTO `user_marks` (`user_id`, `movie_id`, `mark_type_id`, `created_at`, `updated_at`) VALUES (53, 55, 3, '2012-01-03 16:54:23', '2012-06-01 20:46:01');
INSERT INTO `user_marks` (`user_id`, `movie_id`, `mark_type_id`, `created_at`, `updated_at`) VALUES (55, 22, 1, '2017-09-23 14:29:51', '2012-03-12 08:36:09');
INSERT INTO `user_marks` (`user_id`, `movie_id`, `mark_type_id`, `created_at`, `updated_at`) VALUES (55, 91, 2, '2013-02-23 19:03:30', '2012-06-11 14:52:48');
INSERT INTO `user_marks` (`user_id`, `movie_id`, `mark_type_id`, `created_at`, `updated_at`) VALUES (58, 52, 1, '2016-02-16 04:39:24', '2013-07-07 04:27:25');
INSERT INTO `user_marks` (`user_id`, `movie_id`, `mark_type_id`, `created_at`, `updated_at`) VALUES (58, 64, 2, '2017-03-11 16:57:21', '2015-05-18 06:33:35');
INSERT INTO `user_marks` (`user_id`, `movie_id`, `mark_type_id`, `created_at`, `updated_at`) VALUES (59, 26, 1, '2015-05-27 11:44:28', '2017-11-26 00:30:11');
INSERT INTO `user_marks` (`user_id`, `movie_id`, `mark_type_id`, `created_at`, `updated_at`) VALUES (59, 91, 1, '2020-04-02 14:31:48', '2020-11-28 23:09:26');
INSERT INTO `user_marks` (`user_id`, `movie_id`, `mark_type_id`, `created_at`, `updated_at`) VALUES (60, 95, 1, '2011-07-22 09:41:12', '2019-05-13 11:31:04');
INSERT INTO `user_marks` (`user_id`, `movie_id`, `mark_type_id`, `created_at`, `updated_at`) VALUES (61, 14, 3, '2018-05-21 20:48:04', '2017-01-20 00:11:45');
INSERT INTO `user_marks` (`user_id`, `movie_id`, `mark_type_id`, `created_at`, `updated_at`) VALUES (62, 2, 3, '2017-01-17 02:32:15', '2016-05-20 13:12:58');
INSERT INTO `user_marks` (`user_id`, `movie_id`, `mark_type_id`, `created_at`, `updated_at`) VALUES (62, 82, 1, '2018-09-11 03:17:30', '2012-03-12 13:49:19');
INSERT INTO `user_marks` (`user_id`, `movie_id`, `mark_type_id`, `created_at`, `updated_at`) VALUES (64, 27, 1, '2017-08-07 04:49:10', '2018-01-03 11:09:19');
INSERT INTO `user_marks` (`user_id`, `movie_id`, `mark_type_id`, `created_at`, `updated_at`) VALUES (64, 87, 3, '2014-04-07 09:24:55', '2016-03-21 13:52:09');
INSERT INTO `user_marks` (`user_id`, `movie_id`, `mark_type_id`, `created_at`, `updated_at`) VALUES (65, 33, 3, '2017-04-18 21:56:19', '2016-05-24 00:58:08');
INSERT INTO `user_marks` (`user_id`, `movie_id`, `mark_type_id`, `created_at`, `updated_at`) VALUES (65, 78, 2, '2018-08-01 18:03:15', '2012-12-02 19:34:22');
INSERT INTO `user_marks` (`user_id`, `movie_id`, `mark_type_id`, `created_at`, `updated_at`) VALUES (65, 80, 1, '2021-06-03 07:13:01', '2012-09-28 00:54:17');
INSERT INTO `user_marks` (`user_id`, `movie_id`, `mark_type_id`, `created_at`, `updated_at`) VALUES (66, 45, 2, '2019-04-13 16:43:12', '2012-11-12 16:22:52');
INSERT INTO `user_marks` (`user_id`, `movie_id`, `mark_type_id`, `created_at`, `updated_at`) VALUES (68, 78, 3, '2014-07-02 17:53:44', '2014-01-15 17:45:34');
INSERT INTO `user_marks` (`user_id`, `movie_id`, `mark_type_id`, `created_at`, `updated_at`) VALUES (69, 93, 1, '2011-12-19 20:18:58', '2015-07-16 17:02:24');
INSERT INTO `user_marks` (`user_id`, `movie_id`, `mark_type_id`, `created_at`, `updated_at`) VALUES (70, 88, 1, '2017-02-15 00:03:10', '2016-08-26 14:49:36');
INSERT INTO `user_marks` (`user_id`, `movie_id`, `mark_type_id`, `created_at`, `updated_at`) VALUES (71, 2, 3, '2014-05-15 16:04:08', '2012-04-02 15:25:16');
INSERT INTO `user_marks` (`user_id`, `movie_id`, `mark_type_id`, `created_at`, `updated_at`) VALUES (74, 21, 1, '2018-07-12 18:03:52', '2021-03-19 17:27:06');
INSERT INTO `user_marks` (`user_id`, `movie_id`, `mark_type_id`, `created_at`, `updated_at`) VALUES (74, 64, 3, '2019-12-09 12:15:56', '2011-11-14 10:47:50');
INSERT INTO `user_marks` (`user_id`, `movie_id`, `mark_type_id`, `created_at`, `updated_at`) VALUES (75, 24, 2, '2016-06-10 11:20:14', '2020-12-04 12:48:14');
INSERT INTO `user_marks` (`user_id`, `movie_id`, `mark_type_id`, `created_at`, `updated_at`) VALUES (75, 81, 2, '2019-05-11 06:49:13', '2020-04-23 10:14:22');
INSERT INTO `user_marks` (`user_id`, `movie_id`, `mark_type_id`, `created_at`, `updated_at`) VALUES (76, 57, 3, '2012-05-18 23:02:11', '2017-08-12 03:40:54');
INSERT INTO `user_marks` (`user_id`, `movie_id`, `mark_type_id`, `created_at`, `updated_at`) VALUES (77, 16, 1, '2020-02-09 07:38:41', '2012-05-21 17:52:21');
INSERT INTO `user_marks` (`user_id`, `movie_id`, `mark_type_id`, `created_at`, `updated_at`) VALUES (77, 57, 1, '2020-02-24 10:56:53', '2017-08-12 12:15:49');
INSERT INTO `user_marks` (`user_id`, `movie_id`, `mark_type_id`, `created_at`, `updated_at`) VALUES (78, 1, 1, '2012-12-11 14:50:34', '2016-04-20 00:39:00');
INSERT INTO `user_marks` (`user_id`, `movie_id`, `mark_type_id`, `created_at`, `updated_at`) VALUES (79, 82, 1, '2016-06-05 14:53:51', '2016-07-08 19:02:19');
INSERT INTO `user_marks` (`user_id`, `movie_id`, `mark_type_id`, `created_at`, `updated_at`) VALUES (80, 76, 2, '2016-06-07 02:34:34', '2017-05-08 11:13:44');
INSERT INTO `user_marks` (`user_id`, `movie_id`, `mark_type_id`, `created_at`, `updated_at`) VALUES (84, 27, 1, '2013-01-04 04:17:30', '2017-03-14 19:39:26');
INSERT INTO `user_marks` (`user_id`, `movie_id`, `mark_type_id`, `created_at`, `updated_at`) VALUES (85, 36, 1, '2013-07-28 12:19:23', '2014-04-01 08:20:42');
INSERT INTO `user_marks` (`user_id`, `movie_id`, `mark_type_id`, `created_at`, `updated_at`) VALUES (85, 95, 2, '2016-08-21 07:26:19', '2017-06-23 16:01:51');
INSERT INTO `user_marks` (`user_id`, `movie_id`, `mark_type_id`, `created_at`, `updated_at`) VALUES (89, 56, 3, '2011-09-17 04:59:29', '2016-08-06 11:34:38');
INSERT INTO `user_marks` (`user_id`, `movie_id`, `mark_type_id`, `created_at`, `updated_at`) VALUES (91, 40, 1, '2018-10-19 22:52:16', '2015-03-01 15:18:44');
INSERT INTO `user_marks` (`user_id`, `movie_id`, `mark_type_id`, `created_at`, `updated_at`) VALUES (91, 55, 1, '2012-01-11 13:35:01', '2018-11-16 14:12:36');
INSERT INTO `user_marks` (`user_id`, `movie_id`, `mark_type_id`, `created_at`, `updated_at`) VALUES (92, 59, 3, '2020-02-06 17:02:02', '2020-11-07 20:19:07');
INSERT INTO `user_marks` (`user_id`, `movie_id`, `mark_type_id`, `created_at`, `updated_at`) VALUES (93, 2, 1, '2013-02-21 02:04:01', '2014-12-13 18:56:16');
INSERT INTO `user_marks` (`user_id`, `movie_id`, `mark_type_id`, `created_at`, `updated_at`) VALUES (93, 51, 1, '2019-01-09 15:51:21', '2017-09-30 22:09:55');
INSERT INTO `user_marks` (`user_id`, `movie_id`, `mark_type_id`, `created_at`, `updated_at`) VALUES (95, 67, 1, '2014-10-15 01:16:59', '2015-02-03 14:34:25');
INSERT INTO `user_marks` (`user_id`, `movie_id`, `mark_type_id`, `created_at`, `updated_at`) VALUES (95, 84, 2, '2011-07-31 17:00:11', '2016-05-29 16:13:14');
INSERT INTO `user_marks` (`user_id`, `movie_id`, `mark_type_id`, `created_at`, `updated_at`) VALUES (96, 13, 2, '2015-11-15 12:16:56', '2014-09-02 00:45:05');
INSERT INTO `user_marks` (`user_id`, `movie_id`, `mark_type_id`, `created_at`, `updated_at`) VALUES (97, 79, 1, '2020-04-24 06:20:02', '2021-03-09 18:53:15');
INSERT INTO `user_marks` (`user_id`, `movie_id`, `mark_type_id`, `created_at`, `updated_at`) VALUES (98, 6, 2, '2013-04-25 08:00:41', '2020-02-28 21:02:31');
INSERT INTO `user_marks` (`user_id`, `movie_id`, `mark_type_id`, `created_at`, `updated_at`) VALUES (98, 43, 1, '2020-06-28 18:58:26', '2016-05-21 08:58:37');
INSERT INTO `user_marks` (`user_id`, `movie_id`, `mark_type_id`, `created_at`, `updated_at`) VALUES (99, 68, 2, '2014-03-19 03:31:33', '2012-05-17 00:20:13');
INSERT INTO `user_marks` (`user_id`, `movie_id`, `mark_type_id`, `created_at`, `updated_at`) VALUES (100, 54, 1, '2021-06-16 10:46:23', '2013-07-03 10:05:04');

-- немного причешем данные для правдоподобности
UPDATE countries SET updated_at = NOW() WHERE updated_at < created_at;
UPDATE movies SET updated_at = NOW() WHERE updated_at < created_at;
UPDATE profiles SET updated_at = NOW() WHERE updated_at < created_at;
UPDATE reviews SET updated_at = NOW() WHERE updated_at < created_at;
UPDATE scores SET updated_at = NOW() WHERE updated_at < created_at;
UPDATE user_marks SET updated_at = NOW() WHERE updated_at < created_at;
UPDATE users SET updated_at = NOW() WHERE updated_at < created_at;

CREATE TEMPORARY TABLE extensions (name CHAR(3));
INSERT INTO extensions (name) VALUES ('mp3'),('avi'),('mov'),('mpg');

UPDATE trailers SET filename = CONCAT (
	'https://dropbox.com/vk/',
	filename,
	'.',
	(SELECT name FROM extensions ORDER BY RAND() LIMIT 1)
);

-- у нас могут быть профили без gender/birthday/photo_id, смоделируем ситуацию
UPDATE profiles SET gender = NULL WHERE user_id = (1+FLOOR(RAND()*100)); -- повторить несколько раз
UPDATE profiles SET birthday = NULL WHERE user_id = (1+FLOOR(RAND()*100)); -- повторить несколько раз
UPDATE profiles SET photo_id = NULL WHERE user_id = (1+FLOOR(RAND()*100)); -- повторить несколько раз
